parcel_id,hub,delivery_datetime,driver_id,customer_city,postal_code,service,weight_kg,distance_km,delivery_minutes,status,on_time
MET-20261007-0001,METZ,2026-10-07 07:46:00,DM15,Marly,57177,standard,0.87,28.6,88,delivered,yes
MET-20261007-0002,METZ,2026-10-07 07:52:00,DM03,Montigny-lès-Metz,57692,standard,0.46,30.7,69,failed,no
MET-20261007-0003,METZ,2026-10-07 07:58:00,DM04,Augny,57896,standard,1.2,25.4,54,delivered,yes
MET-20261007-0004,METZ,2026-10-07 07:58:00,DM06,Ars-sur-Moselle,57630,express,2.01,4.6,16,returned,no
MET-20261007-0005,METZ,2026-10-07 08:02:00,DM17,Metz,57057,standard,3.45,4.6,23,delivered,yes
MET-20261007-0006,METZ,2026-10-07 08:06:00,DM05,Metz,57643,standard,2.86,31.1,78,delivered,yes
MET-20261007-0007,METZ,2026-10-07 08:15:00,DM03,Augny,57157,express,0.53,8.5,36,delivered,yes
MET-20261007-0008,METZ,2026-10-07 08:19:00,DM14,Metz,57464,standard,2.62,3.1,11,delivered,yes
MET-20261007-0009,METZ,2026-10-07 08:25:00,DM15,Amnéville,57001,express,0.7,24.2,84,delivered,no
MET-20261007-0010,METZ,2026-10-07 08:29:00,DM05,Amnéville,57733,express,2.16,5.1,19,delivered,yes
MET-20261007-0011,METZ,2026-10-07 08:30:00,DM02,Augny,57094,express,1.26,30.2,80,delivered,no
MET-20261007-0012,METZ,2026-10-07 08:34:00,DM10,Metz,57633,standard,0.52,21.0,42,delivered,yes
MET-20261007-0013,METZ,2026-10-07 08:38:00,DM14,Woippy,57832,standard,2.48,22.8,56,delivered,yes
MET-20261007-0014,METZ,2026-10-07 08:39:00,DM16,Marly,57001,standard,0.57,1.3,12,delivered,yes
MET-20261007-0015,METZ,2026-10-07 08:40:00,DM05,Woippy,57546,standard,1.93,9.5,24,delivered,yes
MET-20261007-0016,METZ,2026-10-07 08:43:00,DM10,Amnéville,57532,standard,0.6,11.7,45,delivered,yes
MET-20261007-0017,METZ,2026-10-07 08:45:00,DM10,Augny,57714,express,0.82,2.0,11,delivered,yes
MET-20261007-0018,METZ,2026-10-07 08:45:00,DM13,Ars-sur-Moselle,57838,express,1.61,19.0,49,delivered,no
MET-20261007-0019,METZ,2026-10-07 08:45:00,DM08,Marly,57006,express,1.23,19.4,54,delivered,no
MET-20261007-0020,METZ,2026-10-07 08:45:00,DM13,Amnéville,57792,standard,1.64,21.2,66,failed,no
MET-20261007-0021,METZ,2026-10-07 08:53:00,DM14,Marly,57167,standard,0.62,20.4,60,delivered,yes
MET-20261007-0022,METZ,2026-10-07 09:00:00,DM13,Amnéville,57908,standard,2.16,16.3,50,delivered,yes
MET-20261007-0023,METZ,2026-10-07 09:04:00,DM14,Marly,57424,standard,1.13,30.3,63,delivered,yes
MET-20261007-0024,METZ,2026-10-07 09:06:00,DM04,Ars-sur-Moselle,57839,express,3.35,3.7,18,delivered,yes
MET-20261007-0025,METZ,2026-10-07 09:14:00,DM06,Woippy,57981,standard,0.45,10.4,35,delivered,yes
MET-20261007-0026,METZ,2026-10-07 09:17:00,DM13,Marly,57910,standard,2.66,9.5,25,delivered,yes
MET-20261007-0027,METZ,2026-10-07 09:17:00,DM12,Ars-sur-Moselle,57283,express,2.65,37.3,91,delivered,no
MET-20261007-0028,METZ,2026-10-07 09:23:00,DM14,Ars-sur-Moselle,57834,standard,1.2,14.5,57,delivered,yes
MET-20261007-0029,METZ,2026-10-07 09:26:00,DM02,Marly,57919,standard,3.52,9.4,32,delivered,yes
MET-20261007-0030,METZ,2026-10-07 09:27:00,DM12,Augny,57774,standard,6.13,24.5,80,delivered,yes
MET-20261007-0031,METZ,2026-10-07 09:28:00,DM14,Metz,57599,standard,7.23,21.8,71,delivered,yes
MET-20261007-0032,METZ,2026-10-07 09:28:00,DM12,Ars-sur-Moselle,57433,standard,1.3,11.6,37,delivered,yes
MET-20261007-0033,METZ,2026-10-07 09:30:00,DM11,Augny,57676,standard,2.3,24.4,69,delivered,yes
MET-20261007-0034,METZ,2026-10-07 09:31:00,DM01,Augny,57353,standard,2.68,22.4,60,delivered,yes
MET-20261007-0035,METZ,2026-10-07 09:36:00,DM07,Ars-sur-Moselle,57170,standard,1.29,33.4,110,delivered,yes
MET-20261007-0036,METZ,2026-10-07 09:38:00,DM11,Montigny-lès-Metz,57132,express,1.75,28.4,65,delivered,no
MET-20261007-0037,METZ,2026-10-07 09:38:00,DM06,Marly,57005,express,1.27,12.6,28,delivered,yes
MET-20261007-0038,METZ,2026-10-07 09:42:00,DM12,Amnéville,57785,express,0.86,31.4,85,failed,no
MET-20261007-0039,METZ,2026-10-07 09:42:00,DM17,Metz,57117,standard,1.78,5.5,19,delivered,yes
MET-20261007-0040,METZ,2026-10-07 09:45:00,DM02,Ars-sur-Moselle,57272,standard,1.25,5.1,18,delivered,yes
MET-20261007-0041,METZ,2026-10-07 09:45:00,DM04,Amnéville,57993,standard,0.76,35.8,111,delivered,yes
MET-20261007-0042,METZ,2026-10-07 09:45:00,DM05,Augny,57512,standard,1.28,30.3,74,delivered,yes
MET-20261007-0043,METZ,2026-10-07 09:45:00,DM04,Woippy,57658,express,2.35,8.6,24,delivered,yes
MET-20261007-0044,METZ,2026-10-07 09:46:00,DM16,Metz,57632,express,1.05,26.3,63,delivered,no
MET-20261007-0045,METZ,2026-10-07 09:50:00,DM03,Montigny-lès-Metz,57892,standard,7.28,17.4,47,delivered,yes
MET-20261007-0046,METZ,2026-10-07 09:50:00,DM13,Montigny-lès-Metz,57512,express,2.04,14.6,33,delivered,yes
MET-20261007-0047,METZ,2026-10-07 09:53:00,DM11,Amnéville,57381,standard,1.31,29.0,70,delivered,yes
MET-20261007-0048,METZ,2026-10-07 09:55:00,DM02,Metz,57465,express,4.37,13.2,46,delivered,no
MET-20261007-0049,METZ,2026-10-07 09:57:00,DM15,Augny,57693,standard,1.26,9.1,24,delivered,yes
MET-20261007-0050,METZ,2026-10-07 10:00:00,DM02,Augny,57304,standard,0.53,22.2,48,delivered,yes
MET-20261007-0051,METZ,2026-10-07 10:02:00,DM11,Woippy,57111,standard,0.51,23.9,69,delivered,yes
MET-20261007-0052,METZ,2026-10-07 10:02:00,DM10,Augny,57365,express,2.9,20.0,64,delivered,no
MET-20261007-0053,METZ,2026-10-07 10:03:00,DM09,Augny,57282,standard,0.54,12.0,31,delivered,yes
MET-20261007-0054,METZ,2026-10-07 10:03:00,DM17,Augny,57204,standard,1.24,37.1,121,delivered,no
MET-20261007-0055,METZ,2026-10-07 10:06:00,DM13,Marly,57901,standard,1.22,4.9,25,delivered,yes
MET-20261007-0056,METZ,2026-10-07 10:06:00,DM06,Metz,57689,standard,3.42,10.4,29,returned,no
MET-20261007-0057,METZ,2026-10-07 10:06:00,DM14,Woippy,57965,standard,0.64,21.9,65,delivered,yes
MET-20261007-0058,METZ,2026-10-07 10:08:00,DM18,Ars-sur-Moselle,57258,express,3.64,4.2,24,delivered,yes
MET-20261007-0059,METZ,2026-10-07 10:09:00,DM01,Montigny-lès-Metz,57065,standard,1.11,2.9,17,delivered,yes
MET-20261007-0060,METZ,2026-10-07 10:10:00,DM13,Ars-sur-Moselle,57621,express,0.91,17.9,46,delivered,no
MET-20261007-0061,METZ,2026-10-07 10:10:00,DM10,Metz,57443,standard,1.43,2.3,12,delivered,yes
MET-20261007-0062,METZ,2026-10-07 10:11:00,DM05,Amnéville,57840,standard,1.3,32.9,90,delivered,yes
MET-20261007-0063,METZ,2026-10-07 10:12:00,DM05,Augny,57569,standard,1.02,36.8,115,delivered,yes
MET-20261007-0064,METZ,2026-10-07 10:14:00,DM09,Augny,57343,express,0.72,33.6,85,delivered,no
MET-20261007-0065,METZ,2026-10-07 10:14:00,DM01,Ars-sur-Moselle,57320,standard,3.07,15.1,55,delivered,yes
MET-20261007-0066,METZ,2026-10-07 10:16:00,DM13,Marly,57569,express,1.25,36.3,105,delivered,no
MET-20261007-0067,METZ,2026-10-07 10:17:00,DM11,Ars-sur-Moselle,57334,standard,1.26,37.9,123,delivered,no
MET-20261007-0068,METZ,2026-10-07 10:18:00,DM10,Metz,57695,standard,0.88,4.1,18,failed,no
MET-20261007-0069,METZ,2026-10-07 10:18:00,DM09,Marly,57626,standard,1.55,7.4,22,delivered,yes
MET-20261007-0070,METZ,2026-10-07 10:19:00,DM15,Woippy,57145,standard,1.76,24.6,87,delivered,yes
MET-20261007-0071,METZ,2026-10-07 10:19:00,DM05,Metz,57644,standard,4.96,8.7,39,returned,no
MET-20261007-0072,METZ,2026-10-07 10:20:00,DM10,Ars-sur-Moselle,57212,standard,2.2,37.1,123,delivered,no
MET-20261007-0073,METZ,2026-10-07 10:20:00,DM15,Metz,57695,standard,0.51,34.8,106,delivered,yes
MET-20261007-0074,METZ,2026-10-07 10:22:00,DM05,Ars-sur-Moselle,57002,express,0.74,33.9,104,failed,no
MET-20261007-0075,METZ,2026-10-07 10:24:00,DM17,Metz,57240,standard,4.14,23.7,77,delivered,yes
MET-20261007-0076,METZ,2026-10-07 10:25:00,DM12,Montigny-lès-Metz,57446,standard,1.95,24.5,77,delivered,yes
MET-20261007-0077,METZ,2026-10-07 10:26:00,DM05,Montigny-lès-Metz,57401,standard,3.05,6.5,23,delivered,yes
MET-20261007-0078,METZ,2026-10-07 10:27:00,DM08,Marly,57869,standard,1.03,11.5,37,delivered,yes
MET-20261007-0079,METZ,2026-10-07 10:27:00,DM12,Amnéville,57079,standard,1.26,22.1,66,delivered,yes
MET-20261007-0080,METZ,2026-10-07 10:28:00,DM13,Ars-sur-Moselle,57648,standard,1.78,3.0,14,delivered,yes
MET-20261007-0081,METZ,2026-10-07 10:29:00,DM10,Woippy,57501,standard,1.28,28.8,97,failed,no
MET-20261007-0082,METZ,2026-10-07 10:29:00,DM15,Amnéville,57641,express,1.16,37.8,124,delivered,no
MET-20261007-0083,METZ,2026-10-07 10:31:00,DM14,Woippy,57472,standard,2.02,2.6,14,delivered,yes
MET-20261007-0084,METZ,2026-10-07 10:32:00,DM17,Metz,57564,express,0.52,18.7,60,delivered,no
MET-20261007-0085,METZ,2026-10-07 10:32:00,DM05,Ars-sur-Moselle,57212,express,1.46,9.4,30,delivered,yes
MET-20261007-0086,METZ,2026-10-07 10:33:00,DM10,Marly,57692,standard,0.6,29.8,72,failed,no
MET-20261007-0087,METZ,2026-10-07 10:34:00,DM15,Augny,57702,standard,4.84,32.2,73,delivered,yes
MET-20261007-0088,METZ,2026-10-07 10:34:00,DM10,Augny,57798,express,1.53,24.5,72,delivered,no
MET-20261007-0089,METZ,2026-10-07 10:35:00,DM07,Metz,57456,standard,1.77,22.6,59,delivered,yes
MET-20261007-0090,METZ,2026-10-07 10:36:00,DM04,Metz,57445,standard,5.86,19.0,58,delivered,yes
MET-20261007-0091,METZ,2026-10-07 10:38:00,DM01,Marly,57630,standard,2.0,13.0,44,delivered,yes
MET-20261007-0092,METZ,2026-10-07 10:39:00,DM16,Ars-sur-Moselle,57911,standard,3.29,9.4,26,delivered,yes
MET-20261007-0093,METZ,2026-10-07 10:41:00,DM10,Augny,57320,standard,2.15,25.7,82,delivered,yes
MET-20261007-0094,METZ,2026-10-07 10:41:00,DM04,Woippy,57805,standard,0.78,33.4,107,delivered,yes
MET-20261007-0095,METZ,2026-10-07 10:42:00,DM05,Woippy,57152,standard,1.25,28.2,91,delivered,yes
MET-20261007-0096,METZ,2026-10-07 10:42:00,DM05,Montigny-lès-Metz,57299,standard,1.12,33.7,91,delivered,yes
MET-20261007-0097,METZ,2026-10-07 10:46:00,DM01,Marly,57177,standard,0.84,20.0,60,delivered,yes
MET-20261007-0098,METZ,2026-10-07 10:48:00,DM02,Ars-sur-Moselle,57954,standard,0.89,22.4,68,delivered,yes
MET-20261007-0099,METZ,2026-10-07 10:49:00,DM09,Metz,57527,express,5.05,20.5,66,delivered,no
MET-20261007-0100,METZ,2026-10-07 10:50:00,DM15,Augny,57331,express,1.94,5.4,25,failed,no
MET-20261007-0101,METZ,2026-10-07 10:50:00,DM03,Amnéville,57596,standard,2.42,1.7,13,delivered,yes
MET-20261007-0102,METZ,2026-10-07 10:52:00,DM05,Marly,57067,express,0.85,15.5,46,delivered,no
MET-20261007-0103,METZ,2026-10-07 10:52:00,DM17,Ars-sur-Moselle,57949,standard,5.07,9.6,33,delivered,yes
MET-20261007-0104,METZ,2026-10-07 10:52:00,DM09,Augny,57099,standard,1.08,27.0,65,delivered,yes
MET-20261007-0105,METZ,2026-10-07 10:54:00,DM06,Montigny-lès-Metz,57385,express,1.59,11.9,37,delivered,yes
MET-20261007-0106,METZ,2026-10-07 10:57:00,DM10,Woippy,57470,standard,1.46,24.2,64,delivered,yes
MET-20261007-0107,METZ,2026-10-07 10:59:00,DM17,Metz,57642,standard,0.73,35.1,116,delivered,yes
MET-20261007-0108,METZ,2026-10-07 10:59:00,DM09,Montigny-lès-Metz,57423,express,3.07,12.1,35,delivered,yes
MET-20261007-0109,METZ,2026-10-07 11:01:00,DM10,Marly,57204,standard,0.77,19.3,54,delivered,yes
MET-20261007-0110,METZ,2026-10-07 11:02:00,DM11,Augny,57875,standard,1.03,15.1,39,delivered,yes
MET-20261007-0111,METZ,2026-10-07 11:05:00,DM13,Metz,57799,standard,2.86,33.1,105,delivered,yes
MET-20261007-0112,METZ,2026-10-07 11:05:00,DM16,Montigny-lès-Metz,57577,standard,1.83,23.3,68,delivered,yes
MET-20261007-0113,METZ,2026-10-07 11:06:00,DM14,Metz,57700,standard,0.79,25.0,81,delivered,yes
MET-20261007-0114,METZ,2026-10-07 11:10:00,DM09,Amnéville,57767,standard,7.88,10.6,35,delivered,yes
MET-20261007-0115,METZ,2026-10-07 11:10:00,DM01,Amnéville,57671,standard,5.66,18.4,58,delivered,yes
MET-20261007-0116,METZ,2026-10-07 11:10:00,DM08,Woippy,57720,standard,2.41,7.9,32,delivered,yes
MET-20261007-0117,METZ,2026-10-07 11:12:00,DM18,Metz,57332,standard,1.67,7.1,18,delivered,yes
MET-20261007-0118,METZ,2026-10-07 11:12:00,DM09,Marly,57326,express,1.32,19.2,59,delivered,no
MET-20261007-0119,METZ,2026-10-07 11:15:00,DM15,Amnéville,57531,express,1.14,36.5,83,delivered,no
MET-20261007-0120,METZ,2026-10-07 11:17:00,DM18,Metz,57649,standard,2.74,1.3,11,delivered,yes
MET-20261007-0121,METZ,2026-10-07 11:18:00,DM16,Woippy,57251,standard,0.63,27.5,63,delivered,yes
MET-20261007-0122,METZ,2026-10-07 11:18:00,DM16,Amnéville,57352,standard,0.57,26.6,86,delivered,yes
MET-20261007-0123,METZ,2026-10-07 11:19:00,DM02,Woippy,57978,standard,3.44,3.9,16,delivered,yes
MET-20261007-0124,METZ,2026-10-07 11:20:00,DM16,Ars-sur-Moselle,57148,express,1.17,8.2,28,failed,no
MET-20261007-0125,METZ,2026-10-07 11:20:00,DM12,Montigny-lès-Metz,57462,express,4.26,15.1,60,delivered,no
MET-20261007-0126,METZ,2026-10-07 11:23:00,DM03,Augny,57953,standard,1.8,1.9,14,delivered,yes
MET-20261007-0127,METZ,2026-10-07 11:23:00,DM10,Amnéville,57032,standard,5.52,23.5,59,delivered,yes
MET-20261007-0128,METZ,2026-10-07 11:24:00,DM03,Woippy,57106,express,2.32,2.4,11,delivered,yes
MET-20261007-0129,METZ,2026-10-07 11:24:00,DM11,Woippy,57008,standard,0.98,9.7,34,failed,no
MET-20261007-0130,METZ,2026-10-07 11:24:00,DM16,Metz,57435,standard,5.31,9.6,33,delivered,yes
MET-20261007-0131,METZ,2026-10-07 11:25:00,DM12,Montigny-lès-Metz,57475,express,1.79,26.2,89,delivered,no
MET-20261007-0132,METZ,2026-10-07 11:26:00,DM12,Woippy,57339,express,1.93,27.7,85,delivered,no
MET-20261007-0133,METZ,2026-10-07 11:28:00,DM12,Metz,57554,standard,1.65,17.8,47,delivered,yes
MET-20261007-0134,METZ,2026-10-07 11:29:00,DM12,Augny,57262,standard,1.11,12.9,32,delivered,yes
MET-20261007-0135,METZ,2026-10-07 11:29:00,DM01,Metz,57681,standard,0.99,5.2,20,delivered,yes
MET-20261007-0136,METZ,2026-10-07 11:29:00,DM16,Amnéville,57681,standard,1.69,7.2,24,delivered,yes
MET-20261007-0137,METZ,2026-10-07 11:31:00,DM02,Augny,57187,express,3.58,33.5,85,delivered,no
MET-20261007-0138,METZ,2026-10-07 11:31:00,DM14,Augny,57361,standard,2.64,8.2,29,delivered,yes
MET-20261007-0139,METZ,2026-10-07 11:33:00,DM11,Metz,57799,express,5.85,35.5,96,returned,no
MET-20261007-0140,METZ,2026-10-07 11:38:00,DM11,Amnéville,57015,express,2.36,32.0,69,delivered,no
MET-20261007-0141,METZ,2026-10-07 11:38:00,DM10,Augny,57385,standard,1.75,31.2,77,delivered,yes
MET-20261007-0142,METZ,2026-10-07 11:39:00,DM06,Amnéville,57292,express,13.5,28.1,91,delivered,no
MET-20261007-0143,METZ,2026-10-07 11:39:00,DM17,Amnéville,57812,standard,4.04,27.9,73,delivered,yes
MET-20261007-0144,METZ,2026-10-07 11:40:00,DM13,Marly,57829,standard,4.2,24.1,55,delivered,yes
MET-20261007-0145,METZ,2026-10-07 11:43:00,DM01,Augny,57258,standard,1.16,37.5,124,delivered,no
MET-20261007-0146,METZ,2026-10-07 11:43:00,DM16,Metz,57299,express,1.74,7.5,24,returned,no
MET-20261007-0147,METZ,2026-10-07 11:45:00,DM16,Montigny-lès-Metz,57311,standard,13.53,30.1,87,delivered,yes
MET-20261007-0148,METZ,2026-10-07 11:46:00,DM15,Marly,57228,standard,1.73,18.9,45,returned,no
MET-20261007-0149,METZ,2026-10-07 11:47:00,DM18,Woippy,57494,express,2.51,9.1,35,returned,no
MET-20261007-0150,METZ,2026-10-07 11:49:00,DM17,Marly,57679,standard,0.97,27.5,97,delivered,yes
MET-20261007-0151,METZ,2026-10-07 11:49:00,DM05,Amnéville,57099,standard,2.36,37.9,85,failed,no
MET-20261007-0152,METZ,2026-10-07 11:50:00,DM12,Montigny-lès-Metz,57063,standard,1.22,16.0,36,delivered,yes
MET-20261007-0153,METZ,2026-10-07 11:51:00,DM06,Augny,57606,express,2.16,37.7,131,delivered,no
MET-20261007-0154,METZ,2026-10-07 11:51:00,DM04,Amnéville,57563,standard,0.88,5.0,26,delivered,yes
MET-20261007-0155,METZ,2026-10-07 11:51:00,DM10,Augny,57047,express,4.27,21.2,63,delivered,no
MET-20261007-0156,METZ,2026-10-07 11:52:00,DM13,Metz,57601,standard,2.94,17.3,49,delivered,yes
MET-20261007-0157,METZ,2026-10-07 11:53:00,DM11,Amnéville,57661,standard,3.25,10.9,38,delivered,yes
MET-20261007-0158,METZ,2026-10-07 11:55:00,DM01,Ars-sur-Moselle,57188,standard,1.65,9.7,30,delivered,yes
MET-20261007-0159,METZ,2026-10-07 11:58:00,DM18,Marly,57355,standard,2.31,1.5,17,delivered,yes
MET-20261007-0160,METZ,2026-10-07 12:00:00,DM16,Amnéville,57881,standard,0.77,2.1,18,delivered,yes
MET-20261007-0161,METZ,2026-10-07 12:00:00,DM04,Marly,57896,standard,4.62,10.5,34,delivered,yes
MET-20261007-0162,METZ,2026-10-07 12:00:00,DM06,Montigny-lès-Metz,57601,express,1.06,15.5,50,delivered,no
MET-20261007-0163,METZ,2026-10-07 12:04:00,DM03,Augny,57019,express,2.86,29.9,63,delivered,no
MET-20261007-0164,METZ,2026-10-07 12:04:00,DM08,Woippy,57439,standard,0.75,21.0,55,delivered,yes
MET-20261007-0165,METZ,2026-10-07 12:06:00,DM17,Ars-sur-Moselle,57250,standard,0.34,15.2,50,delivered,yes
MET-20261007-0166,METZ,2026-10-07 12:07:00,DM12,Woippy,57813,standard,3.24,32.0,94,delivered,yes
MET-20261007-0167,METZ,2026-10-07 12:08:00,DM03,Metz,57086,standard,3.92,13.3,40,delivered,yes
MET-20261007-0168,METZ,2026-10-07 12:08:00,DM12,Augny,57813,standard,2.31,22.3,73,delivered,yes
MET-20261007-0169,METZ,2026-10-07 12:10:00,DM16,Ars-sur-Moselle,57546,express,2.61,37.3,118,delivered,no
MET-20261007-0170,METZ,2026-10-07 12:10:00,DM08,Ars-sur-Moselle,57604,standard,4.35,27.1,78,delivered,yes
MET-20261007-0171,METZ,2026-10-07 12:11:00,DM18,Montigny-lès-Metz,57446,standard,0.79,16.7,54,delivered,yes
MET-20261007-0172,METZ,2026-10-07 12:11:00,DM06,Amnéville,57075,standard,3.21,4.0,22,delivered,yes
MET-20261007-0173,METZ,2026-10-07 12:12:00,DM14,Metz,57089,standard,1.05,8.6,34,delivered,yes
MET-20261007-0174,METZ,2026-10-07 12:14:00,DM14,Augny,57467,express,1.41,4.3,18,delivered,yes
MET-20261007-0175,METZ,2026-10-07 12:15:00,DM15,Ars-sur-Moselle,57821,express,0.31,33.4,93,failed,no
MET-20261007-0176,METZ,2026-10-07 12:15:00,DM06,Marly,57989,standard,3.13,23.3,75,delivered,yes
MET-20261007-0177,METZ,2026-10-07 12:17:00,DM16,Metz,57237,standard,1.51,36.2,117,failed,no
MET-20261007-0178,METZ,2026-10-07 12:18:00,DM01,Marly,57099,standard,2.95,25.5,59,delivered,yes
MET-20261007-0179,METZ,2026-10-07 12:19:00,DM05,Metz,57681,standard,0.93,13.7,32,returned,no
MET-20261007-0180,METZ,2026-10-07 12:20:00,DM02,Metz,57719,standard,0.4,9.0,31,delivered,yes
MET-20261007-0181,METZ,2026-10-07 12:20:00,DM05,Ars-sur-Moselle,57084,standard,1.83,32.8,77,delivered,yes
MET-20261007-0182,METZ,2026-10-07 12:21:00,DM14,Augny,57450,express,1.42,36.9,84,delivered,no
MET-20261007-0183,METZ,2026-10-07 12:21:00,DM18,Marly,57740,standard,1.75,35.3,87,delivered,yes
MET-20261007-0184,METZ,2026-10-07 12:22:00,DM03,Amnéville,57454,express,2.04,6.6,26,delivered,yes
MET-20261007-0185,METZ,2026-10-07 12:24:00,DM02,Marly,57008,standard,1.66,18.7,47,delivered,yes
MET-20261007-0186,METZ,2026-10-07 12:24:00,DM04,Marly,57886,standard,1.5,26.1,64,delivered,yes
MET-20261007-0187,METZ,2026-10-07 12:24:00,DM13,Metz,57536,express,0.81,20.2,47,failed,no
MET-20261007-0188,METZ,2026-10-07 12:24:00,DM04,Ars-sur-Moselle,57834,standard,0.98,33.5,108,delivered,yes
MET-20261007-0189,METZ,2026-10-07 12:25:00,DM15,Metz,57797,express,1.28,24.0,72,delivered,no
MET-20261007-0190,METZ,2026-10-07 12:27:00,DM10,Amnéville,57235,standard,0.58,31.4,79,delivered,yes
MET-20261007-0191,METZ,2026-10-07 12:27:00,DM11,Marly,57167,standard,0.92,9.3,27,failed,no
MET-20261007-0192,METZ,2026-10-07 12:28:00,DM07,Metz,57490,standard,2.15,19.2,58,delivered,yes
MET-20261007-0193,METZ,2026-10-07 12:28:00,DM07,Woippy,57061,standard,1.14,32.5,75,delivered,yes
MET-20261007-0194,METZ,2026-10-07 12:28:00,DM06,Woippy,57405,standard,8.05,3.1,19,delivered,yes
MET-20261007-0195,METZ,2026-10-07 12:28:00,DM18,Marly,57578,standard,4.63,1.9,17,delivered,yes
MET-20261007-0196,METZ,2026-10-07 12:31:00,DM09,Ars-sur-Moselle,57024,standard,1.14,34.0,94,delivered,yes
MET-20261007-0197,METZ,2026-10-07 12:31:00,DM09,Amnéville,57564,standard,1.62,20.2,65,delivered,yes
MET-20261007-0198,METZ,2026-10-07 12:33:00,DM17,Metz,57353,express,0.86,19.3,50,failed,no
MET-20261007-0199,METZ,2026-10-07 12:34:00,DM15,Ars-sur-Moselle,57904,express,2.25,14.3,50,delivered,no
MET-20261007-0200,METZ,2026-10-07 12:35:00,DM05,Augny,57748,standard,2.54,17.9,46,delivered,yes
MET-20261007-0201,METZ,2026-10-07 12:35:00,DM05,Amnéville,57229,standard,3.82,36.9,100,delivered,yes
MET-20261007-0202,METZ,2026-10-07 12:35:00,DM15,Amnéville,57100,standard,1.78,17.4,58,delivered,yes
MET-20261007-0203,METZ,2026-10-07 12:35:00,DM17,Amnéville,57922,standard,0.46,14.1,42,delivered,yes
MET-20261007-0204,METZ,2026-10-07 12:36:00,DM02,Metz,57977,express,0.4,18.8,54,returned,no
MET-20261007-0205,METZ,2026-10-07 12:37:00,DM17,Metz,57353,standard,1.45,15.1,32,delivered,yes
MET-20261007-0206,METZ,2026-10-07 12:37:00,DM13,Woippy,57050,standard,3.03,6.5,23,delivered,yes
MET-20261007-0207,METZ,2026-10-07 12:37:00,DM04,Augny,57574,express,1.42,20.6,60,failed,no
MET-20261007-0208,METZ,2026-10-07 12:38:00,DM07,Marly,57706,standard,1.02,12.1,40,delivered,yes
MET-20261007-0209,METZ,2026-10-07 12:38:00,DM01,Augny,57895,standard,1.6,15.2,43,delivered,yes
MET-20261007-0210,METZ,2026-10-07 12:40:00,DM17,Amnéville,57917,standard,1.07,12.4,43,delivered,yes
MET-20261007-0211,METZ,2026-10-07 12:40:00,DM04,Amnéville,57404,express,1.62,37.3,118,delivered,no
MET-20261007-0212,METZ,2026-10-07 12:41:00,DM04,Amnéville,57911,standard,0.98,22.0,52,delivered,yes
MET-20261007-0213,METZ,2026-10-07 12:41:00,DM15,Woippy,57091,standard,3.8,15.8,48,delivered,yes
MET-20261007-0214,METZ,2026-10-07 12:42:00,DM18,Metz,57071,express,0.45,34.8,78,delivered,no
MET-20261007-0215,METZ,2026-10-07 12:42:00,DM13,Amnéville,57416,standard,0.37,12.4,43,returned,no
MET-20261007-0216,METZ,2026-10-07 12:42:00,DM03,Amnéville,57298,standard,2.28,25.4,60,delivered,yes
MET-20261007-0217,METZ,2026-10-07 12:43:00,DM05,Augny,57991,standard,2.01,10.0,28,failed,no
MET-20261007-0218,METZ,2026-10-07 12:44:00,DM09,Ars-sur-Moselle,57369,express,1.81,29.5,104,delivered,no
MET-20261007-0219,METZ,2026-10-07 12:47:00,DM07,Metz,57585,express,6.27,4.2,22,delivered,yes
MET-20261007-0220,METZ,2026-10-07 12:48:00,DM17,Marly,57388,standard,4.45,25.8,81,delivered,yes
MET-20261007-0221,METZ,2026-10-07 12:49:00,DM11,Ars-sur-Moselle,57720,standard,2.86,2.3,16,delivered,yes
MET-20261007-0222,METZ,2026-10-07 12:50:00,DM15,Montigny-lès-Metz,57802,standard,1.35,34.7,93,delivered,yes
MET-20261007-0223,METZ,2026-10-07 12:50:00,DM05,Augny,57928,standard,2.58,31.5,65,delivered,yes
MET-20261007-0224,METZ,2026-10-07 12:53:00,DM04,Marly,57706,standard,0.63,36.8,118,delivered,yes
MET-20261007-0225,METZ,2026-10-07 12:53:00,DM17,Augny,57446,express,3.28,29.8,101,delivered,no
MET-20261007-0226,METZ,2026-10-07 12:53:00,DM10,Montigny-lès-Metz,57953,standard,2.92,30.5,92,delivered,yes
MET-20261007-0227,METZ,2026-10-07 12:53:00,DM14,Ars-sur-Moselle,57135,standard,8.33,7.9,30,delivered,yes
MET-20261007-0228,METZ,2026-10-07 12:55:00,DM01,Montigny-lès-Metz,57723,standard,0.7,7.8,20,delivered,yes
MET-20261007-0229,METZ,2026-10-07 12:56:00,DM13,Marly,57690,express,0.64,14.7,56,delivered,no
MET-20261007-0230,METZ,2026-10-07 12:56:00,DM14,Montigny-lès-Metz,57277,standard,1.16,22.6,70,delivered,yes
MET-20261007-0231,METZ,2026-10-07 12:57:00,DM15,Marly,57121,standard,2.97,15.3,57,delivered,yes
MET-20261007-0232,METZ,2026-10-07 12:58:00,DM06,Ars-sur-Moselle,57000,standard,9.28,6.8,22,delivered,yes
MET-20261007-0233,METZ,2026-10-07 12:58:00,DM01,Amnéville,57752,standard,2.59,11.7,42,delivered,yes
MET-20261007-0234,METZ,2026-10-07 12:59:00,DM08,Augny,57198,standard,1.54,19.7,46,delivered,yes
MET-20261007-0235,METZ,2026-10-07 13:00:00,DM07,Augny,57753,standard,3.76,12.9,51,delivered,yes
MET-20261007-0236,METZ,2026-10-07 13:00:00,DM14,Metz,57423,express,1.77,22.5,66,delivered,no
MET-20261007-0237,METZ,2026-10-07 13:01:00,DM15,Marly,57515,standard,3.1,32.5,75,delivered,yes
MET-20261007-0238,METZ,2026-10-07 13:01:00,DM12,Marly,57602,standard,5.61,2.7,20,delivered,yes
MET-20261007-0239,METZ,2026-10-07 13:03:00,DM17,Marly,57440,standard,4.33,25.9,76,delivered,yes
MET-20261007-0240,METZ,2026-10-07 13:05:00,DM18,Metz,57605,standard,0.78,8.9,24,delivered,yes
MET-20261007-0241,METZ,2026-10-07 13:06:00,DM17,Woippy,57903,express,0.63,32.6,71,delivered,no
MET-20261007-0242,METZ,2026-10-07 13:06:00,DM09,Ars-sur-Moselle,57636,standard,1.98,3.8,18,delivered,yes
MET-20261007-0243,METZ,2026-10-07 13:06:00,DM08,Augny,57269,express,0.66,20.4,48,delivered,no
MET-20261007-0244,METZ,2026-10-07 13:07:00,DM13,Augny,57794,standard,1.7,37.6,80,failed,no
MET-20261007-0245,METZ,2026-10-07 13:08:00,DM04,Amnéville,57066,standard,1.29,13.0,48,delivered,yes
MET-20261007-0246,METZ,2026-10-07 13:09:00,DM07,Augny,57873,standard,1.26,34.1,101,delivered,yes
MET-20261007-0247,METZ,2026-10-07 13:10:00,DM08,Marly,57310,standard,2.64,25.1,84,delivered,yes
MET-20261007-0248,METZ,2026-10-07 13:10:00,DM04,Augny,57068,standard,2.86,37.7,111,delivered,yes
MET-20261007-0249,METZ,2026-10-07 13:11:00,DM12,Montigny-lès-Metz,57350,express,1.95,30.2,78,delivered,no
MET-20261007-0250,METZ,2026-10-07 13:11:00,DM05,Woippy,57859,standard,1.03,23.4,62,delivered,yes
MET-20261007-0251,METZ,2026-10-07 13:11:00,DM11,Metz,57895,standard,0.73,30.7,81,delivered,yes
MET-20261007-0252,METZ,2026-10-07 13:12:00,DM18,Amnéville,57264,standard,3.15,9.1,30,delivered,yes
MET-20261007-0253,METZ,2026-10-07 13:12:00,DM17,Woippy,57375,express,0.83,24.8,67,delivered,no
MET-20261007-0254,METZ,2026-10-07 13:12:00,DM02,Ars-sur-Moselle,57069,standard,1.3,3.0,12,delivered,yes
MET-20261007-0255,METZ,2026-10-07 13:13:00,DM04,Montigny-lès-Metz,57793,standard,1.97,33.2,105,delivered,yes
MET-20261007-0256,METZ,2026-10-07 13:13:00,DM09,Amnéville,57536,standard,2.64,14.3,45,delivered,yes
MET-20261007-0257,METZ,2026-10-07 13:14:00,DM13,Woippy,57616,express,0.78,27.0,94,delivered,no
MET-20261007-0258,METZ,2026-10-07 13:16:00,DM05,Ars-sur-Moselle,57755,standard,4.32,15.3,52,delivered,yes
MET-20261007-0259,METZ,2026-10-07 13:17:00,DM15,Metz,57821,standard,4.31,18.0,38,delivered,yes
MET-20261007-0260,METZ,2026-10-07 13:17:00,DM12,Ars-sur-Moselle,57619,express,3.77,32.0,71,delivered,no
MET-20261007-0261,METZ,2026-10-07 13:18:00,DM17,Woippy,57289,standard,4.26,2.6,16,delivered,yes
MET-20261007-0262,METZ,2026-10-07 13:19:00,DM12,Montigny-lès-Metz,57586,standard,0.22,2.2,16,failed,no
MET-20261007-0263,METZ,2026-10-07 13:20:00,DM10,Marly,57533,standard,0.62,17.2,60,delivered,yes
MET-20261007-0264,METZ,2026-10-07 13:20:00,DM12,Montigny-lès-Metz,57572,standard,3.69,25.2,88,delivered,yes
MET-20261007-0265,METZ,2026-10-07 13:20:00,DM13,Woippy,57693,standard,3.22,4.7,17,delivered,yes
MET-20261007-0266,METZ,2026-10-07 13:21:00,DM17,Augny,57707,standard,1.36,34.7,102,delivered,yes
MET-20261007-0267,METZ,2026-10-07 13:22:00,DM18,Metz,57787,standard,1.53,24.1,72,delivered,yes
MET-20261007-0268,METZ,2026-10-07 13:23:00,DM09,Augny,57273,standard,1.3,24.4,59,returned,no
MET-20261007-0269,METZ,2026-10-07 13:23:00,DM14,Marly,57524,standard,2.94,28.4,91,delivered,yes
MET-20261007-0270,METZ,2026-10-07 13:24:00,DM04,Ars-sur-Moselle,57236,standard,2.68,25.7,51,delivered,yes
MET-20261007-0271,METZ,2026-10-07 13:25:00,DM02,Metz,57277,standard,1.47,10.7,42,delivered,yes
MET-20261007-0272,METZ,2026-10-07 13:25:00,DM06,Marly,57925,standard,2.68,4.6,24,delivered,yes
MET-20261007-0273,METZ,2026-10-07 13:25:00,DM02,Amnéville,57348,standard,0.7,19.0,65,delivered,yes
MET-20261007-0274,METZ,2026-10-07 13:26:00,DM13,Ars-sur-Moselle,57394,standard,0.51,20.1,69,delivered,yes
MET-20261007-0275,METZ,2026-10-07 13:27:00,DM18,Augny,57733,standard,0.95,10.8,26,delivered,yes
MET-20261007-0276,METZ,2026-10-07 13:27:00,DM15,Metz,57090,express,2.03,18.1,60,delivered,no
MET-20261007-0277,METZ,2026-10-07 13:28:00,DM07,Ars-sur-Moselle,57213,standard,4.2,15.2,44,delivered,yes
MET-20261007-0278,METZ,2026-10-07 13:28:00,DM18,Marly,57790,express,1.99,12.5,30,delivered,yes
MET-20261007-0279,METZ,2026-10-07 13:28:00,DM09,Augny,57646,standard,5.12,37.1,117,delivered,yes
MET-20261007-0280,METZ,2026-10-07 13:29:00,DM02,Amnéville,57724,express,4.19,36.9,105,delivered,no
MET-20261007-0281,METZ,2026-10-07 13:30:00,DM06,Woippy,57406,express,3.37,32.6,106,delivered,no
MET-20261007-0282,METZ,2026-10-07 13:31:00,DM11,Amnéville,57652,standard,0.56,15.9,40,delivered,yes
MET-20261007-0283,METZ,2026-10-07 13:32:00,DM09,Amnéville,57802,standard,1.09,13.7,32,delivered,yes
MET-20261007-0284,METZ,2026-10-07 13:32:00,DM13,Augny,57318,standard,2.61,17.3,46,delivered,yes
MET-20261007-0285,METZ,2026-10-07 13:33:00,DM17,Amnéville,57922,standard,1.39,18.9,50,delivered,yes
MET-20261007-0286,METZ,2026-10-07 13:33:00,DM02,Augny,57513,standard,2.74,30.8,92,delivered,yes
MET-20261007-0287,METZ,2026-10-07 13:34:00,DM15,Amnéville,57739,express,5.17,16.0,43,delivered,yes
MET-20261007-0288,METZ,2026-10-07 13:38:00,DM02,Montigny-lès-Metz,57547,express,5.01,18.5,57,delivered,no
MET-20261007-0289,METZ,2026-10-07 13:38:00,DM14,Woippy,57250,standard,1.08,34.4,86,failed,no
MET-20261007-0290,METZ,2026-10-07 13:39:00,DM01,Amnéville,57165,standard,1.59,31.2,98,delivered,yes
MET-20261007-0291,METZ,2026-10-07 13:39:00,DM07,Montigny-lès-Metz,57325,standard,0.98,35.1,84,delivered,yes
MET-20261007-0292,METZ,2026-10-07 13:40:00,DM16,Augny,57945,standard,1.45,19.6,70,delivered,yes
MET-20261007-0293,METZ,2026-10-07 13:41:00,DM16,Amnéville,57583,standard,6.33,19.3,44,delivered,yes
MET-20261007-0294,METZ,2026-10-07 13:41:00,DM10,Augny,57294,standard,3.8,25.9,93,delivered,yes
MET-20261007-0295,METZ,2026-10-07 13:42:00,DM01,Metz,57008,express,1.92,19.3,60,delivered,no
MET-20261007-0296,METZ,2026-10-07 13:42:00,DM06,Augny,57082,standard,1.43,34.5,86,delivered,yes
MET-20261007-0297,METZ,2026-10-07 13:42:00,DM01,Amnéville,57554,standard,1.35,23.2,65,delivered,yes
MET-20261007-0298,METZ,2026-10-07 13:42:00,DM03,Augny,57304,standard,1.14,10.9,43,delivered,yes
MET-20261007-0299,METZ,2026-10-07 13:42:00,DM08,Metz,57488,standard,1.34,25.0,86,delivered,yes
MET-20261007-0300,METZ,2026-10-07 13:44:00,DM12,Augny,57711,standard,1.32,24.3,53,delivered,yes
MET-20261007-0301,METZ,2026-10-07 13:45:00,DM13,Augny,57227,standard,3.78,16.3,51,delivered,yes
MET-20261007-0302,METZ,2026-10-07 13:46:00,DM10,Augny,57569,standard,1.38,27.4,63,delivered,yes
MET-20261007-0303,METZ,2026-10-07 13:46:00,DM17,Amnéville,57423,standard,2.63,15.1,51,delivered,yes
MET-20261007-0304,METZ,2026-10-07 13:46:00,DM05,Augny,57023,standard,1.4,22.2,66,delivered,yes
MET-20261007-0305,METZ,2026-10-07 13:48:00,DM17,Woippy,57617,standard,1.49,4.2,19,delivered,yes
MET-20261007-0306,METZ,2026-10-07 13:49:00,DM13,Ars-sur-Moselle,57097,standard,1.54,34.5,100,delivered,yes
MET-20261007-0307,METZ,2026-10-07 13:49:00,DM07,Montigny-lès-Metz,57674,standard,2.13,20.1,56,delivered,yes
MET-20261007-0308,METZ,2026-10-07 13:51:00,DM10,Amnéville,57807,express,1.57,4.1,19,delivered,yes
MET-20261007-0309,METZ,2026-10-07 13:53:00,DM16,Amnéville,57397,standard,1.19,23.4,76,delivered,yes
MET-20261007-0310,METZ,2026-10-07 13:57:00,DM17,Woippy,57083,standard,1.59,29.0,59,delivered,yes
MET-20261007-0311,METZ,2026-10-07 14:04:00,DM01,Marly,57845,standard,3.95,9.3,29,delivered,yes
MET-20261007-0312,METZ,2026-10-07 14:06:00,DM05,Marly,57879,standard,1.12,14.6,59,delivered,yes
MET-20261007-0313,METZ,2026-10-07 14:06:00,DM09,Montigny-lès-Metz,57810,express,2.95,30.2,70,returned,no
MET-20261007-0314,METZ,2026-10-07 14:08:00,DM02,Amnéville,57948,express,0.57,25.7,63,delivered,no
MET-20261007-0315,METZ,2026-10-07 14:08:00,DM01,Montigny-lès-Metz,57615,standard,4.36,33.6,86,delivered,yes
MET-20261007-0316,METZ,2026-10-07 14:09:00,DM09,Augny,57310,standard,3.16,27.5,74,delivered,yes
MET-20261007-0317,METZ,2026-10-07 14:09:00,DM01,Augny,57634,standard,1.41,1.9,9,delivered,yes
MET-20261007-0318,METZ,2026-10-07 14:09:00,DM01,Ars-sur-Moselle,57285,express,2.81,31.6,72,delivered,no
MET-20261007-0319,METZ,2026-10-07 14:09:00,DM11,Augny,57299,standard,1.54,34.0,110,delivered,yes
MET-20261007-0320,METZ,2026-10-07 14:10:00,DM13,Montigny-lès-Metz,57018,standard,3.35,8.1,32,delivered,yes
MET-20261007-0321,METZ,2026-10-07 14:11:00,DM15,Amnéville,57078,express,2.31,25.2,63,delivered,no
MET-20261007-0322,METZ,2026-10-07 14:12:00,DM01,Woippy,57581,express,0.73,19.9,61,delivered,no
MET-20261007-0323,METZ,2026-10-07 14:13:00,DM07,Augny,57607,standard,0.6,36.2,72,delivered,yes
MET-20261007-0324,METZ,2026-10-07 14:13:00,DM10,Amnéville,57732,express,0.71,24.0,62,delivered,no
MET-20261007-0325,METZ,2026-10-07 14:14:00,DM01,Metz,57504,standard,3.71,34.1,120,delivered,yes
MET-20261007-0326,METZ,2026-10-07 14:15:00,DM11,Marly,57884,standard,0.88,8.0,19,delivered,yes
MET-20261007-0327,METZ,2026-10-07 14:20:00,DM18,Woippy,57995,express,1.42,7.6,27,delivered,yes
MET-20261007-0328,METZ,2026-10-07 14:21:00,DM09,Marly,57762,standard,6.93,10.9,30,delivered,yes
MET-20261007-0329,METZ,2026-10-07 14:23:00,DM11,Ars-sur-Moselle,57136,standard,3.98,14.0,43,delivered,yes
MET-20261007-0330,METZ,2026-10-07 14:23:00,DM02,Augny,57335,standard,1.4,10.5,36,delivered,yes
MET-20261007-0331,METZ,2026-10-07 14:23:00,DM04,Metz,57288,standard,2.11,12.6,42,delivered,yes
MET-20261007-0332,METZ,2026-10-07 14:25:00,DM17,Amnéville,57521,express,2.23,5.8,24,returned,no
MET-20261007-0333,METZ,2026-10-07 14:26:00,DM14,Metz,57626,express,1.36,22.4,62,delivered,no
MET-20261007-0334,METZ,2026-10-07 14:26:00,DM15,Augny,57885,standard,1.17,6.4,23,delivered,yes
MET-20261007-0335,METZ,2026-10-07 14:26:00,DM12,Woippy,57433,standard,2.03,21.8,72,delivered,yes
MET-20261007-0336,METZ,2026-10-07 14:29:00,DM17,Montigny-lès-Metz,57628,standard,2.22,12.4,45,delivered,yes
MET-20261007-0337,METZ,2026-10-07 14:30:00,DM07,Augny,57664,standard,3.05,29.2,77,delivered,yes
MET-20261007-0338,METZ,2026-10-07 14:32:00,DM08,Metz,57550,express,1.86,29.7,76,delivered,no
MET-20261007-0339,METZ,2026-10-07 14:34:00,DM07,Montigny-lès-Metz,57717,standard,1.63,5.3,20,failed,no
MET-20261007-0340,METZ,2026-10-07 14:34:00,DM17,Metz,57702,standard,1.85,23.4,78,delivered,yes
MET-20261007-0341,METZ,2026-10-07 14:35:00,DM13,Augny,57227,express,0.97,18.8,47,delivered,no
MET-20261007-0342,METZ,2026-10-07 14:35:00,DM06,Amnéville,57807,standard,3.18,27.1,79,failed,no
MET-20261007-0343,METZ,2026-10-07 14:37:00,DM11,Woippy,57960,standard,2.62,17.2,45,delivered,yes
MET-20261007-0344,METZ,2026-10-07 14:38:00,DM08,Marly,57238,standard,1.02,37.4,109,delivered,yes
MET-20261007-0345,METZ,2026-10-07 14:38:00,DM06,Amnéville,57264,standard,1.92,6.9,30,delivered,yes
MET-20261007-0346,METZ,2026-10-07 14:40:00,DM15,Augny,57442,standard,1.31,32.4,107,delivered,yes
MET-20261007-0347,METZ,2026-10-07 14:40:00,DM17,Woippy,57752,standard,1.01,30.1,94,delivered,yes
MET-20261007-0348,METZ,2026-10-07 14:41:00,DM17,Ars-sur-Moselle,57607,express,1.8,31.0,98,delivered,no
MET-20261007-0349,METZ,2026-10-07 14:42:00,DM16,Woippy,57661,standard,2.29,20.0,71,delivered,yes
MET-20261007-0350,METZ,2026-10-07 14:42:00,DM06,Woippy,57640,standard,0.42,33.2,84,delivered,yes
MET-20261007-0351,METZ,2026-10-07 14:46:00,DM16,Amnéville,57323,standard,1.54,36.7,114,delivered,yes
MET-20261007-0352,METZ,2026-10-07 14:46:00,DM18,Augny,57940,standard,2.2,3.6,20,delivered,yes
MET-20261007-0353,METZ,2026-10-07 14:47:00,DM15,Woippy,57613,standard,2.03,8.4,24,delivered,yes
MET-20261007-0354,METZ,2026-10-07 14:48:00,DM12,Amnéville,57665,standard,2.14,12.0,34,delivered,yes
MET-20261007-0355,METZ,2026-10-07 14:55:00,DM03,Marly,57325,standard,1.52,17.2,43,failed,no
MET-20261007-0356,METZ,2026-10-07 14:56:00,DM03,Woippy,57251,standard,0.29,32.3,88,failed,no
MET-20261007-0357,METZ,2026-10-07 14:56:00,DM03,Amnéville,57197,standard,0.63,27.6,60,failed,no
MET-20261007-0358,METZ,2026-10-07 14:56:00,DM17,Amnéville,57606,standard,4.66,7.8,28,delivered,yes
MET-20261007-0359,METZ,2026-10-07 14:57:00,DM18,Montigny-lès-Metz,57780,standard,0.73,6.3,22,delivered,yes
MET-20261007-0360,METZ,2026-10-07 14:58:00,DM05,Woippy,57663,standard,2.02,34.0,103,delivered,yes
MET-20261007-0361,METZ,2026-10-07 14:58:00,DM16,Augny,57975,standard,8.52,37.8,82,delivered,yes
MET-20261007-0362,METZ,2026-10-07 14:58:00,DM16,Ars-sur-Moselle,57137,standard,0.88,29.8,72,delivered,yes
MET-20261007-0363,METZ,2026-10-07 15:00:00,DM07,Woippy,57261,express,2.11,17.0,64,delivered,no
MET-20261007-0364,METZ,2026-10-07 15:01:00,DM10,Augny,57994,standard,3.61,2.7,19,delivered,yes
MET-20261007-0365,METZ,2026-10-07 15:03:00,DM07,Marly,57400,standard,1.75,24.7,56,delivered,yes
MET-20261007-0366,METZ,2026-10-07 15:05:00,DM02,Montigny-lès-Metz,57628,express,2.03,30.7,98,delivered,no
MET-20261007-0367,METZ,2026-10-07 15:05:00,DM01,Ars-sur-Moselle,57823,express,2.69,17.1,47,delivered,no
MET-20261007-0368,METZ,2026-10-07 15:06:00,DM03,Metz,57659,standard,3.62,30.3,73,delivered,yes
MET-20261007-0369,METZ,2026-10-07 15:08:00,DM04,Marly,57755,express,0.95,3.6,17,delivered,yes
MET-20261007-0370,METZ,2026-10-07 15:08:00,DM14,Ars-sur-Moselle,57152,standard,2.72,17.3,55,delivered,yes
MET-20261007-0371,METZ,2026-10-07 15:11:00,DM02,Montigny-lès-Metz,57146,express,2.12,7.1,19,delivered,yes
MET-20261007-0372,METZ,2026-10-07 15:12:00,DM05,Woippy,57616,standard,3.15,24.8,76,delivered,yes
MET-20261007-0373,METZ,2026-10-07 15:12:00,DM02,Amnéville,57330,standard,1.38,13.4,46,delivered,yes
MET-20261007-0374,METZ,2026-10-07 15:12:00,DM02,Montigny-lès-Metz,57552,standard,4.76,20.3,69,delivered,yes
MET-20261007-0375,METZ,2026-10-07 15:13:00,DM14,Montigny-lès-Metz,57500,standard,2.86,23.8,59,delivered,yes
MET-20261007-0376,METZ,2026-10-07 15:21:00,DM05,Augny,57508,standard,1.64,15.2,55,failed,no
MET-20261007-0377,METZ,2026-10-07 15:21:00,DM18,Metz,57443,standard,0.83,1.3,12,delivered,yes
MET-20261007-0378,METZ,2026-10-07 15:23:00,DM01,Ars-sur-Moselle,57858,standard,2.62,10.8,39,delivered,yes
MET-20261007-0379,METZ,2026-10-07 15:23:00,DM11,Woippy,57250,standard,0.68,17.4,56,delivered,yes
MET-20261007-0380,METZ,2026-10-07 15:25:00,DM06,Augny,57616,express,2.29,30.1,60,delivered,no
MET-20261007-0381,METZ,2026-10-07 15:28:00,DM14,Amnéville,57292,express,5.4,33.9,116,delivered,no
MET-20261007-0382,METZ,2026-10-07 15:28:00,DM12,Amnéville,57546,standard,0.99,8.5,29,delivered,yes
MET-20261007-0383,METZ,2026-10-07 15:29:00,DM13,Metz,57990,standard,1.37,23.9,76,delivered,yes
MET-20261007-0384,METZ,2026-10-07 15:34:00,DM11,Montigny-lès-Metz,57613,standard,1.75,36.3,72,delivered,yes
MET-20261007-0385,METZ,2026-10-07 15:37:00,DM10,Augny,57701,standard,1.54,15.3,41,delivered,yes
MET-20261007-0386,METZ,2026-10-07 15:38:00,DM14,Augny,57883,standard,1.74,31.2,81,failed,no
MET-20261007-0387,METZ,2026-10-07 15:42:00,DM18,Woippy,57584,standard,7.58,6.0,25,delivered,yes
MET-20261007-0388,METZ,2026-10-07 15:43:00,DM08,Metz,57716,standard,2.39,30.5,80,delivered,yes
MET-20261007-0389,METZ,2026-10-07 15:46:00,DM10,Montigny-lès-Metz,57825,standard,4.2,5.5,26,delivered,yes
MET-20261007-0390,METZ,2026-10-07 15:48:00,DM09,Augny,57921,standard,2.33,23.6,62,failed,no
MET-20261007-0391,METZ,2026-10-07 15:48:00,DM07,Ars-sur-Moselle,57107,standard,1.34,32.7,113,delivered,yes
MET-20261007-0392,METZ,2026-10-07 15:49:00,DM15,Metz,57107,standard,1.49,1.4,12,delivered,yes
MET-20261007-0393,METZ,2026-10-07 15:49:00,DM14,Metz,57903,express,1.22,23.0,76,delivered,no
MET-20261007-0394,METZ,2026-10-07 15:51:00,DM04,Woippy,57503,express,0.62,6.7,25,delivered,yes
MET-20261007-0395,METZ,2026-10-07 15:52:00,DM10,Augny,57464,standard,1.07,23.0,55,delivered,yes
MET-20261007-0396,METZ,2026-10-07 15:57:00,DM14,Montigny-lès-Metz,57229,standard,0.87,36.9,92,delivered,yes
MET-20261007-0397,METZ,2026-10-07 15:59:00,DM16,Montigny-lès-Metz,57773,standard,5.31,35.9,92,delivered,yes
MET-20261007-0398,METZ,2026-10-07 15:59:00,DM05,Augny,57573,standard,1.68,28.7,64,delivered,yes
MET-20261007-0399,METZ,2026-10-07 16:01:00,DM07,Woippy,57804,standard,2.05,20.2,58,delivered,yes
MET-20261007-0400,METZ,2026-10-07 16:03:00,DM04,Woippy,57213,standard,2.25,27.4,80,delivered,yes
MET-20261007-0401,METZ,2026-10-07 16:06:00,DM05,Marly,57611,standard,1.9,35.2,78,delivered,yes
MET-20261007-0402,METZ,2026-10-07 16:07:00,DM04,Marly,57847,express,0.86,19.5,48,delivered,no
MET-20261007-0403,METZ,2026-10-07 16:10:00,DM10,Metz,57961,standard,0.45,9.1,33,delivered,yes
MET-20261007-0404,METZ,2026-10-07 16:10:00,DM05,Montigny-lès-Metz,57273,standard,1.69,18.4,38,delivered,yes
MET-20261007-0405,METZ,2026-10-07 16:11:00,DM09,Montigny-lès-Metz,57195,express,2.6,20.9,68,delivered,no
MET-20261007-0406,METZ,2026-10-07 16:12:00,DM10,Ars-sur-Moselle,57380,express,0.59,36.5,80,delivered,no
MET-20261007-0407,METZ,2026-10-07 16:14:00,DM07,Metz,57445,express,1.63,15.1,55,delivered,no
MET-20261007-0408,METZ,2026-10-07 16:14:00,DM11,Woippy,57292,standard,2.0,18.3,59,delivered,yes
MET-20261007-0409,METZ,2026-10-07 16:16:00,DM18,Augny,57627,express,2.31,1.2,14,delivered,yes
MET-20261007-0410,METZ,2026-10-07 16:17:00,DM15,Augny,57691,standard,1.69,23.7,52,failed,no
MET-20261007-0411,METZ,2026-10-07 16:19:00,DM11,Woippy,57820,express,2.29,15.2,57,delivered,no
MET-20261007-0412,METZ,2026-10-07 16:21:00,DM05,Augny,57759,standard,1.31,23.7,71,delivered,yes
MET-20261007-0413,METZ,2026-10-07 16:22:00,DM07,Woippy,57238,standard,1.8,34.4,102,delivered,yes
MET-20261007-0414,METZ,2026-10-07 16:24:00,DM05,Montigny-lès-Metz,57091,express,5.26,8.9,28,delivered,yes
MET-20261007-0415,METZ,2026-10-07 16:25:00,DM02,Augny,57763,standard,2.29,12.9,35,failed,no
MET-20261007-0416,METZ,2026-10-07 16:27:00,DM05,Woippy,57749,standard,2.14,30.0,93,delivered,yes
MET-20261007-0417,METZ,2026-10-07 16:28:00,DM07,Augny,57395,standard,2.01,31.3,66,delivered,yes
MET-20261007-0418,METZ,2026-10-07 16:30:00,DM02,Ars-sur-Moselle,57616,standard,2.7,6.4,24,delivered,yes
MET-20261007-0419,METZ,2026-10-07 16:31:00,DM06,Augny,57044,express,3.51,35.3,82,delivered,no
MET-20261007-0420,METZ,2026-10-07 16:33:00,DM03,Ars-sur-Moselle,57664,standard,5.87,7.0,31,delivered,yes
MET-20261007-0421,METZ,2026-10-07 16:34:00,DM12,Augny,57634,standard,0.82,19.9,75,delivered,yes
MET-20261007-0422,METZ,2026-10-07 16:36:00,DM15,Ars-sur-Moselle,57208,standard,2.6,15.3,47,delivered,yes
MET-20261007-0423,METZ,2026-10-07 16:47:00,DM02,Marly,57990,standard,1.2,36.9,116,delivered,yes
MET-20261007-0424,METZ,2026-10-07 16:49:00,DM04,Metz,57314,standard,1.93,12.7,42,failed,no
MET-20261007-0425,METZ,2026-10-07 16:50:00,DM09,Montigny-lès-Metz,57440,standard,2.29,27.9,81,delivered,yes
MET-20261007-0426,METZ,2026-10-07 16:51:00,DM02,Montigny-lès-Metz,57714,standard,0.53,15.2,35,delivered,yes
MET-20261007-0427,METZ,2026-10-07 16:51:00,DM14,Amnéville,57284,standard,1.19,34.5,111,delivered,yes
MET-20261007-0428,METZ,2026-10-07 16:53:00,DM12,Ars-sur-Moselle,57754,standard,1.65,20.4,48,delivered,yes
MET-20261007-0429,METZ,2026-10-07 16:55:00,DM16,Amnéville,57761,standard,0.6,5.5,23,delivered,yes
MET-20261007-0430,METZ,2026-10-07 17:01:00,DM18,Augny,57401,express,1.92,34.2,83,delivered,no
MET-20261007-0431,METZ,2026-10-07 17:04:00,DM07,Amnéville,57684,standard,1.59,5.0,19,delivered,yes
MET-20261007-0432,METZ,2026-10-07 17:05:00,DM07,Augny,57253,standard,2.73,7.6,23,delivered,yes
MET-20261007-0433,METZ,2026-10-07 17:09:00,DM11,Ars-sur-Moselle,57630,standard,4.19,19.1,49,delivered,yes
MET-20261007-0434,METZ,2026-10-07 17:14:00,DM11,Woippy,57243,standard,2.6,12.1,32,delivered,yes
MET-20261007-0435,METZ,2026-10-07 17:16:00,DM09,Amnéville,57298,standard,1.38,19.2,45,delivered,yes
MET-20261007-0436,METZ,2026-10-07 17:18:00,DM04,Augny,57654,standard,1.07,35.9,98,failed,no
MET-20261007-0437,METZ,2026-10-07 17:18:00,DM05,Metz,57359,standard,2.34,16.7,52,delivered,yes
MET-20261007-0438,METZ,2026-10-07 17:21:00,DM15,Amnéville,57730,standard,1.65,5.8,19,delivered,yes
MET-20261007-0439,METZ,2026-10-07 17:23:00,DM07,Woippy,57867,standard,3.99,32.1,81,delivered,yes
MET-20261007-0440,METZ,2026-10-07 17:27:00,DM02,Marly,57806,standard,0.74,5.9,17,delivered,yes
MET-20261007-0441,METZ,2026-10-07 17:32:00,DM15,Woippy,57343,standard,0.73,14.6,41,delivered,yes
MET-20261007-0442,METZ,2026-10-07 17:32:00,DM01,Amnéville,57444,standard,3.7,20.4,56,delivered,yes
MET-20261007-0443,METZ,2026-10-07 17:37:00,DM06,Amnéville,57885,express,1.57,11.3,35,delivered,yes
MET-20261007-0444,METZ,2026-10-07 17:41:00,DM16,Marly,57271,express,2.66,36.3,108,delivered,no
MET-20261007-0445,METZ,2026-10-07 17:43:00,DM10,Woippy,57768,standard,3.2,36.0,89,delivered,yes
MET-20261007-0446,METZ,2026-10-07 17:44:00,DM12,Ars-sur-Moselle,57218,express,2.05,21.0,72,failed,no
MET-20261007-0447,METZ,2026-10-07 18:00:00,DM17,Amnéville,57009,standard,1.17,24.9,70,delivered,yes
MET-20261007-0448,METZ,2026-10-07 18:04:00,DM12,Augny,57617,standard,0.94,9.6,41,delivered,yes
