parcel_id,hub,delivery_datetime,driver_id,customer_city,postal_code,service,weight_kg,distance_km,delivery_minutes,status,on_time
NAN-20261006-0001,NANCY,2026-10-06 07:40:00,DN04,Maxéville,54165,standard,1.87,23.2,80,failed,no
NAN-20261006-0002,NANCY,2026-10-06 07:57:00,DN18,Vandœuvre-lès-Nancy,54783,standard,1.1,9.2,29,delivered,yes
NAN-20261006-0003,NANCY,2026-10-06 08:05:00,DN02,Laxou,54973,express,4.63,25.8,83,delivered,no
NAN-20261006-0004,NANCY,2026-10-06 08:16:00,DN16,Laxou,54479,standard,1.04,34.5,88,delivered,yes
NAN-20261006-0005,NANCY,2026-10-06 08:20:00,DN05,Laxou,54768,standard,0.69,10.3,36,delivered,yes
NAN-20261006-0006,NANCY,2026-10-06 08:21:00,DN14,Nancy,54263,express,1.12,27.4,89,delivered,no
NAN-20261006-0007,NANCY,2026-10-06 08:21:00,DN18,Tomblaine,54785,standard,7.44,31.7,70,failed,no
NAN-20261006-0008,NANCY,2026-10-06 08:23:00,DN18,Vandœuvre-lès-Nancy,54605,standard,2.9,29.9,108,delivered,yes
NAN-20261006-0009,NANCY,2026-10-06 08:26:00,DN17,Laxou,54265,standard,2.28,21.4,55,delivered,yes
NAN-20261006-0010,NANCY,2026-10-06 08:29:00,DN13,Nancy,54947,standard,4.57,3.0,16,delivered,yes
NAN-20261006-0011,NANCY,2026-10-06 08:33:00,DN14,Essey-lès-Nancy,54368,express,1.48,1.6,11,delivered,yes
NAN-20261006-0012,NANCY,2026-10-06 08:36:00,DN10,Vandœuvre-lès-Nancy,54864,express,0.47,20.5,47,delivered,no
NAN-20261006-0013,NANCY,2026-10-06 08:44:00,DN13,Nancy,54541,standard,4.57,19.8,51,delivered,yes
NAN-20261006-0014,NANCY,2026-10-06 08:45:00,DN11,Laxou,54679,standard,1.7,36.2,95,failed,no
NAN-20261006-0015,NANCY,2026-10-06 08:48:00,DN18,Maxéville,54570,standard,0.8,12.8,42,delivered,yes
NAN-20261006-0016,NANCY,2026-10-06 08:50:00,DN12,Tomblaine,54536,standard,3.18,34.0,75,delivered,yes
NAN-20261006-0017,NANCY,2026-10-06 08:51:00,DN13,Laxou,54834,standard,2.52,26.9,67,delivered,yes
NAN-20261006-0018,NANCY,2026-10-06 08:52:00,DN13,Laxou,54170,standard,0.65,26.4,69,delivered,yes
NAN-20261006-0019,NANCY,2026-10-06 08:54:00,DN12,Nancy,54862,express,2.52,5.1,22,failed,no
NAN-20261006-0020,NANCY,2026-10-06 08:57:00,DN07,Laxou,54006,standard,2.36,30.7,70,delivered,yes
NAN-20261006-0021,NANCY,2026-10-06 08:57:00,DN04,Nancy,54739,express,1.44,1.8,10,delivered,yes
NAN-20261006-0022,NANCY,2026-10-06 09:00:00,DN10,Villers-lès-Nancy,54225,express,2.38,18.4,63,delivered,no
NAN-20261006-0023,NANCY,2026-10-06 09:00:00,DN11,Essey-lès-Nancy,54668,express,3.99,20.8,75,delivered,no
NAN-20261006-0024,NANCY,2026-10-06 09:02:00,DN11,Maxéville,54558,express,1.95,11.4,40,delivered,yes
NAN-20261006-0025,NANCY,2026-10-06 09:03:00,DN13,Nancy,54779,express,0.46,13.5,50,delivered,no
NAN-20261006-0026,NANCY,2026-10-06 09:05:00,DN10,Nancy,54571,standard,7.73,35.5,117,delivered,yes
NAN-20261006-0027,NANCY,2026-10-06 09:09:00,DN09,Tomblaine,54408,standard,1.22,13.8,33,delivered,yes
NAN-20261006-0028,NANCY,2026-10-06 09:12:00,DN04,Vandœuvre-lès-Nancy,54083,standard,4.0,7.1,23,delivered,yes
NAN-20261006-0029,NANCY,2026-10-06 09:14:00,DN09,Villers-lès-Nancy,54121,standard,1.16,4.7,26,delivered,yes
NAN-20261006-0030,NANCY,2026-10-06 09:14:00,DN10,Essey-lès-Nancy,54349,express,1.46,17.2,50,returned,no
NAN-20261006-0031,NANCY,2026-10-06 09:15:00,DN07,Maxéville,54370,standard,0.97,33.0,77,delivered,yes
NAN-20261006-0032,NANCY,2026-10-06 09:16:00,DN14,Tomblaine,54215,express,0.77,6.5,19,delivered,yes
NAN-20261006-0033,NANCY,2026-10-06 09:17:00,DN12,Nancy,54051,standard,2.52,19.9,68,delivered,yes
NAN-20261006-0034,NANCY,2026-10-06 09:19:00,DN14,Maxéville,54048,express,0.53,6.1,23,delivered,yes
NAN-20261006-0035,NANCY,2026-10-06 09:20:00,DN18,Laxou,54023,express,2.46,24.6,73,delivered,no
NAN-20261006-0036,NANCY,2026-10-06 09:22:00,DN10,Maxéville,54433,standard,1.15,8.7,26,delivered,yes
NAN-20261006-0037,NANCY,2026-10-06 09:27:00,DN16,Villers-lès-Nancy,54079,standard,3.42,14.4,31,delivered,yes
NAN-20261006-0038,NANCY,2026-10-06 09:27:00,DN18,Nancy,54729,standard,6.81,12.4,30,delivered,yes
NAN-20261006-0039,NANCY,2026-10-06 09:30:00,DN14,Vandœuvre-lès-Nancy,54195,standard,2.13,9.4,40,delivered,yes
NAN-20261006-0040,NANCY,2026-10-06 09:31:00,DN08,Essey-lès-Nancy,54108,standard,0.58,11.2,33,failed,no
NAN-20261006-0041,NANCY,2026-10-06 09:31:00,DN06,Tomblaine,54695,express,4.71,34.6,96,delivered,no
NAN-20261006-0042,NANCY,2026-10-06 09:32:00,DN18,Villers-lès-Nancy,54451,express,1.65,18.4,42,delivered,yes
NAN-20261006-0043,NANCY,2026-10-06 09:35:00,DN06,Maxéville,54926,standard,1.26,28.5,87,delivered,yes
NAN-20261006-0044,NANCY,2026-10-06 09:36:00,DN06,Essey-lès-Nancy,54923,express,0.87,7.5,33,delivered,yes
NAN-20261006-0045,NANCY,2026-10-06 09:36:00,DN01,Maxéville,54352,express,2.95,11.5,29,delivered,yes
NAN-20261006-0046,NANCY,2026-10-06 09:39:00,DN14,Laxou,54225,express,3.21,35.7,114,delivered,no
NAN-20261006-0047,NANCY,2026-10-06 09:40:00,DN08,Laxou,54275,express,5.87,4.1,15,delivered,yes
NAN-20261006-0048,NANCY,2026-10-06 09:41:00,DN11,Vandœuvre-lès-Nancy,54661,standard,6.31,29.1,62,delivered,yes
NAN-20261006-0049,NANCY,2026-10-06 09:45:00,DN08,Vandœuvre-lès-Nancy,54854,standard,6.02,6.3,30,delivered,yes
NAN-20261006-0050,NANCY,2026-10-06 09:46:00,DN07,Maxéville,54645,standard,0.67,1.6,8,delivered,yes
NAN-20261006-0051,NANCY,2026-10-06 09:48:00,DN01,Vandœuvre-lès-Nancy,54277,standard,1.41,13.9,53,delivered,yes
NAN-20261006-0052,NANCY,2026-10-06 09:51:00,DN18,Nancy,54503,standard,3.08,12.3,34,delivered,yes
NAN-20261006-0053,NANCY,2026-10-06 09:58:00,DN05,Vandœuvre-lès-Nancy,54921,express,0.83,36.1,103,delivered,no
NAN-20261006-0054,NANCY,2026-10-06 10:00:00,DN15,Tomblaine,54772,standard,6.54,19.1,48,delivered,yes
NAN-20261006-0055,NANCY,2026-10-06 10:01:00,DN01,Essey-lès-Nancy,54005,standard,3.02,16.7,46,delivered,yes
NAN-20261006-0056,NANCY,2026-10-06 10:02:00,DN06,Laxou,54155,standard,1.82,10.1,34,delivered,yes
NAN-20261006-0057,NANCY,2026-10-06 10:05:00,DN01,Tomblaine,54163,standard,4.04,10.5,44,delivered,yes
NAN-20261006-0058,NANCY,2026-10-06 10:05:00,DN06,Vandœuvre-lès-Nancy,54705,express,9.53,31.5,100,delivered,no
NAN-20261006-0059,NANCY,2026-10-06 10:07:00,DN07,Maxéville,54722,standard,1.8,18.2,71,delivered,yes
NAN-20261006-0060,NANCY,2026-10-06 10:08:00,DN18,Nancy,54215,standard,1.74,15.8,43,delivered,yes
NAN-20261006-0061,NANCY,2026-10-06 10:10:00,DN06,Essey-lès-Nancy,54709,standard,0.96,29.8,88,delivered,yes
NAN-20261006-0062,NANCY,2026-10-06 10:13:00,DN05,Maxéville,54628,standard,1.17,17.8,46,delivered,yes
NAN-20261006-0063,NANCY,2026-10-06 10:17:00,DN09,Vandœuvre-lès-Nancy,54268,standard,2.21,25.7,63,delivered,yes
NAN-20261006-0064,NANCY,2026-10-06 10:17:00,DN03,Tomblaine,54954,standard,0.6,28.5,71,delivered,yes
NAN-20261006-0065,NANCY,2026-10-06 10:18:00,DN06,Villers-lès-Nancy,54684,standard,3.73,19.6,49,delivered,yes
NAN-20261006-0066,NANCY,2026-10-06 10:24:00,DN09,Vandœuvre-lès-Nancy,54094,standard,1.69,22.5,63,delivered,yes
NAN-20261006-0067,NANCY,2026-10-06 10:24:00,DN03,Tomblaine,54914,standard,3.42,10.1,26,failed,no
NAN-20261006-0068,NANCY,2026-10-06 10:26:00,DN10,Villers-lès-Nancy,54691,standard,0.75,8.0,26,delivered,yes
NAN-20261006-0069,NANCY,2026-10-06 10:29:00,DN04,Vandœuvre-lès-Nancy,54372,standard,1.83,19.1,65,delivered,yes
NAN-20261006-0070,NANCY,2026-10-06 10:31:00,DN01,Essey-lès-Nancy,54916,standard,1.14,34.8,116,delivered,yes
NAN-20261006-0071,NANCY,2026-10-06 10:33:00,DN07,Tomblaine,54026,express,2.69,23.8,83,delivered,no
NAN-20261006-0072,NANCY,2026-10-06 10:34:00,DN08,Tomblaine,54534,standard,1.68,37.7,134,delivered,no
NAN-20261006-0073,NANCY,2026-10-06 10:35:00,DN09,Maxéville,54861,standard,1.92,32.2,79,delivered,yes
NAN-20261006-0074,NANCY,2026-10-06 10:37:00,DN05,Villers-lès-Nancy,54107,standard,1.0,27.3,93,delivered,yes
NAN-20261006-0075,NANCY,2026-10-06 10:40:00,DN14,Maxéville,54761,standard,2.0,16.8,51,delivered,yes
NAN-20261006-0076,NANCY,2026-10-06 10:40:00,DN02,Maxéville,54874,express,4.19,6.6,30,delivered,yes
NAN-20261006-0077,NANCY,2026-10-06 10:41:00,DN08,Villers-lès-Nancy,54771,standard,1.7,17.7,64,delivered,yes
NAN-20261006-0078,NANCY,2026-10-06 10:44:00,DN16,Essey-lès-Nancy,54538,standard,2.18,34.7,72,delivered,yes
NAN-20261006-0079,NANCY,2026-10-06 10:45:00,DN01,Villers-lès-Nancy,54435,standard,3.57,35.1,82,delivered,yes
NAN-20261006-0080,NANCY,2026-10-06 10:45:00,DN03,Essey-lès-Nancy,54083,express,0.72,20.4,68,delivered,no
NAN-20261006-0081,NANCY,2026-10-06 10:46:00,DN10,Vandœuvre-lès-Nancy,54255,express,1.65,20.9,62,delivered,no
NAN-20261006-0082,NANCY,2026-10-06 10:46:00,DN15,Laxou,54352,standard,0.72,7.5,31,delivered,yes
NAN-20261006-0083,NANCY,2026-10-06 10:47:00,DN17,Vandœuvre-lès-Nancy,54113,express,1.53,36.4,84,delivered,no
NAN-20261006-0084,NANCY,2026-10-06 10:50:00,DN10,Essey-lès-Nancy,54122,standard,2.91,34.5,112,delivered,yes
NAN-20261006-0085,NANCY,2026-10-06 10:50:00,DN18,Maxéville,54202,standard,1.39,25.4,86,delivered,yes
NAN-20261006-0086,NANCY,2026-10-06 10:51:00,DN06,Laxou,54424,standard,1.13,12.2,40,failed,no
NAN-20261006-0087,NANCY,2026-10-06 10:51:00,DN04,Essey-lès-Nancy,54327,express,1.25,5.3,26,delivered,yes
NAN-20261006-0088,NANCY,2026-10-06 10:54:00,DN03,Essey-lès-Nancy,54865,standard,0.75,12.4,40,delivered,yes
NAN-20261006-0089,NANCY,2026-10-06 10:55:00,DN02,Villers-lès-Nancy,54535,standard,1.09,17.2,47,delivered,yes
NAN-20261006-0090,NANCY,2026-10-06 10:55:00,DN06,Vandœuvre-lès-Nancy,54741,standard,1.51,14.5,39,delivered,yes
NAN-20261006-0091,NANCY,2026-10-06 10:56:00,DN05,Villers-lès-Nancy,54394,express,0.76,12.6,46,failed,no
NAN-20261006-0092,NANCY,2026-10-06 10:58:00,DN14,Maxéville,54625,standard,1.04,29.6,78,delivered,yes
NAN-20261006-0093,NANCY,2026-10-06 10:58:00,DN07,Villers-lès-Nancy,54681,standard,2.88,1.9,13,delivered,yes
NAN-20261006-0094,NANCY,2026-10-06 10:59:00,DN18,Essey-lès-Nancy,54769,standard,1.34,30.7,96,delivered,yes
NAN-20261006-0095,NANCY,2026-10-06 11:01:00,DN07,Maxéville,54048,standard,3.26,22.4,75,delivered,yes
NAN-20261006-0096,NANCY,2026-10-06 11:05:00,DN02,Vandœuvre-lès-Nancy,54747,standard,5.85,26.0,54,delivered,yes
NAN-20261006-0097,NANCY,2026-10-06 11:06:00,DN02,Tomblaine,54092,standard,1.33,35.5,81,delivered,yes
NAN-20261006-0098,NANCY,2026-10-06 11:06:00,DN05,Laxou,54733,express,1.48,7.8,32,delivered,yes
NAN-20261006-0099,NANCY,2026-10-06 11:07:00,DN05,Maxéville,54185,standard,3.43,19.2,43,delivered,yes
NAN-20261006-0100,NANCY,2026-10-06 11:08:00,DN14,Maxéville,54569,standard,2.63,33.7,74,delivered,yes
NAN-20261006-0101,NANCY,2026-10-06 11:10:00,DN07,Nancy,54914,standard,0.79,27.5,64,delivered,yes
NAN-20261006-0102,NANCY,2026-10-06 11:10:00,DN12,Laxou,54310,standard,1.92,5.0,17,delivered,yes
NAN-20261006-0103,NANCY,2026-10-06 11:11:00,DN15,Laxou,54035,express,2.54,13.8,44,delivered,yes
NAN-20261006-0104,NANCY,2026-10-06 11:12:00,DN03,Vandœuvre-lès-Nancy,54047,express,0.97,29.4,77,delivered,no
NAN-20261006-0105,NANCY,2026-10-06 11:14:00,DN06,Tomblaine,54099,standard,3.34,33.8,96,failed,no
NAN-20261006-0106,NANCY,2026-10-06 11:15:00,DN05,Maxéville,54265,express,0.44,2.0,9,delivered,yes
NAN-20261006-0107,NANCY,2026-10-06 11:15:00,DN02,Maxéville,54330,standard,4.5,19.5,64,delivered,yes
NAN-20261006-0108,NANCY,2026-10-06 11:17:00,DN16,Villers-lès-Nancy,54933,standard,0.92,27.3,64,delivered,yes
NAN-20261006-0109,NANCY,2026-10-06 11:19:00,DN06,Nancy,54538,standard,2.68,29.7,95,delivered,yes
NAN-20261006-0110,NANCY,2026-10-06 11:22:00,DN18,Essey-lès-Nancy,54314,standard,5.39,26.8,64,delivered,yes
NAN-20261006-0111,NANCY,2026-10-06 11:23:00,DN04,Essey-lès-Nancy,54265,standard,3.76,10.3,39,delivered,yes
NAN-20261006-0112,NANCY,2026-10-06 11:26:00,DN13,Villers-lès-Nancy,54330,standard,2.92,28.8,78,delivered,yes
NAN-20261006-0113,NANCY,2026-10-06 11:30:00,DN02,Laxou,54579,express,1.26,16.6,40,delivered,yes
NAN-20261006-0114,NANCY,2026-10-06 11:31:00,DN14,Essey-lès-Nancy,54609,standard,1.48,6.7,31,delivered,yes
NAN-20261006-0115,NANCY,2026-10-06 11:32:00,DN06,Essey-lès-Nancy,54056,standard,1.51,6.4,22,delivered,yes
NAN-20261006-0116,NANCY,2026-10-06 11:36:00,DN06,Vandœuvre-lès-Nancy,54733,express,0.8,28.6,76,delivered,no
NAN-20261006-0117,NANCY,2026-10-06 11:36:00,DN02,Laxou,54074,standard,0.92,19.8,62,delivered,yes
NAN-20261006-0118,NANCY,2026-10-06 11:36:00,DN05,Villers-lès-Nancy,54692,standard,0.71,32.5,72,delivered,yes
NAN-20261006-0119,NANCY,2026-10-06 11:37:00,DN07,Tomblaine,54966,standard,1.29,2.2,16,delivered,yes
NAN-20261006-0120,NANCY,2026-10-06 11:39:00,DN07,Tomblaine,54580,standard,3.65,30.1,78,delivered,yes
NAN-20261006-0121,NANCY,2026-10-06 11:41:00,DN05,Laxou,54548,standard,2.01,17.3,40,delivered,yes
NAN-20261006-0122,NANCY,2026-10-06 11:42:00,DN04,Maxéville,54770,standard,7.79,21.9,73,delivered,yes
NAN-20261006-0123,NANCY,2026-10-06 11:43:00,DN06,Villers-lès-Nancy,54494,standard,1.03,13.7,44,delivered,yes
NAN-20261006-0124,NANCY,2026-10-06 11:45:00,DN15,Vandœuvre-lès-Nancy,54112,standard,1.4,22.3,61,delivered,yes
NAN-20261006-0125,NANCY,2026-10-06 11:46:00,DN16,Tomblaine,54296,standard,1.59,34.9,91,delivered,yes
NAN-20261006-0126,NANCY,2026-10-06 11:50:00,DN02,Nancy,54959,express,1.52,18.3,59,delivered,no
NAN-20261006-0127,NANCY,2026-10-06 11:50:00,DN04,Laxou,54063,express,3.26,37.1,103,delivered,no
NAN-20261006-0128,NANCY,2026-10-06 11:52:00,DN05,Nancy,54829,standard,1.36,34.7,91,delivered,yes
NAN-20261006-0129,NANCY,2026-10-06 11:53:00,DN12,Nancy,54470,standard,2.21,5.9,26,delivered,yes
NAN-20261006-0130,NANCY,2026-10-06 11:55:00,DN18,Essey-lès-Nancy,54896,standard,0.96,14.3,51,delivered,yes
NAN-20261006-0131,NANCY,2026-10-06 11:55:00,DN02,Essey-lès-Nancy,54620,standard,2.32,6.4,25,delivered,yes
NAN-20261006-0132,NANCY,2026-10-06 11:55:00,DN15,Vandœuvre-lès-Nancy,54112,standard,6.51,7.0,33,delivered,yes
NAN-20261006-0133,NANCY,2026-10-06 11:56:00,DN02,Tomblaine,54405,standard,4.37,5.0,21,delivered,yes
NAN-20261006-0134,NANCY,2026-10-06 11:57:00,DN15,Villers-lès-Nancy,54231,standard,0.93,31.8,70,delivered,yes
NAN-20261006-0135,NANCY,2026-10-06 11:58:00,DN11,Vandœuvre-lès-Nancy,54082,standard,2.0,7.1,22,delivered,yes
NAN-20261006-0136,NANCY,2026-10-06 11:58:00,DN09,Essey-lès-Nancy,54184,standard,1.07,5.2,21,delivered,yes
NAN-20261006-0137,NANCY,2026-10-06 11:59:00,DN13,Laxou,54349,standard,0.94,32.1,96,delivered,yes
NAN-20261006-0138,NANCY,2026-10-06 11:59:00,DN07,Laxou,54247,standard,0.43,35.1,91,failed,no
NAN-20261006-0139,NANCY,2026-10-06 11:59:00,DN13,Laxou,54505,standard,3.46,4.0,12,delivered,yes
NAN-20261006-0140,NANCY,2026-10-06 11:59:00,DN06,Tomblaine,54439,standard,3.45,12.7,33,delivered,yes
NAN-20261006-0141,NANCY,2026-10-06 12:01:00,DN03,Vandœuvre-lès-Nancy,54166,standard,0.75,36.9,99,delivered,yes
NAN-20261006-0142,NANCY,2026-10-06 12:02:00,DN03,Villers-lès-Nancy,54658,express,0.91,24.8,76,delivered,no
NAN-20261006-0143,NANCY,2026-10-06 12:02:00,DN03,Vandœuvre-lès-Nancy,54287,standard,4.56,20.1,75,delivered,yes
NAN-20261006-0144,NANCY,2026-10-06 12:03:00,DN15,Laxou,54930,standard,0.55,16.4,37,delivered,yes
NAN-20261006-0145,NANCY,2026-10-06 12:03:00,DN03,Vandœuvre-lès-Nancy,54108,express,0.27,37.4,125,delivered,no
NAN-20261006-0146,NANCY,2026-10-06 12:05:00,DN01,Essey-lès-Nancy,54032,standard,2.91,4.0,15,delivered,yes
NAN-20261006-0147,NANCY,2026-10-06 12:05:00,DN03,Laxou,54331,standard,3.28,3.0,12,delivered,yes
NAN-20261006-0148,NANCY,2026-10-06 12:06:00,DN15,Maxéville,54229,standard,4.26,3.9,20,delivered,yes
NAN-20261006-0149,NANCY,2026-10-06 12:06:00,DN13,Laxou,54620,express,1.66,31.9,105,delivered,no
NAN-20261006-0150,NANCY,2026-10-06 12:06:00,DN07,Nancy,54779,standard,8.15,10.2,37,delivered,yes
NAN-20261006-0151,NANCY,2026-10-06 12:07:00,DN08,Tomblaine,54374,standard,0.51,7.2,23,delivered,yes
NAN-20261006-0152,NANCY,2026-10-06 12:08:00,DN01,Villers-lès-Nancy,54345,express,1.26,14.8,43,delivered,yes
NAN-20261006-0153,NANCY,2026-10-06 12:08:00,DN10,Villers-lès-Nancy,54172,standard,1.42,12.9,47,delivered,yes
NAN-20261006-0154,NANCY,2026-10-06 12:08:00,DN09,Laxou,54272,standard,2.31,18.7,44,delivered,yes
NAN-20261006-0155,NANCY,2026-10-06 12:09:00,DN07,Nancy,54509,standard,6.2,11.7,45,delivered,yes
NAN-20261006-0156,NANCY,2026-10-06 12:11:00,DN11,Laxou,54284,standard,1.11,15.4,51,delivered,yes
NAN-20261006-0157,NANCY,2026-10-06 12:15:00,DN07,Villers-lès-Nancy,54934,standard,2.18,31.3,96,delivered,yes
NAN-20261006-0158,NANCY,2026-10-06 12:15:00,DN13,Vandœuvre-lès-Nancy,54583,standard,4.09,16.3,52,delivered,yes
NAN-20261006-0159,NANCY,2026-10-06 12:16:00,DN01,Vandœuvre-lès-Nancy,54614,standard,2.43,31.3,72,delivered,yes
NAN-20261006-0160,NANCY,2026-10-06 12:16:00,DN02,Villers-lès-Nancy,54276,standard,2.65,15.4,52,delivered,yes
NAN-20261006-0161,NANCY,2026-10-06 12:18:00,DN09,Vandœuvre-lès-Nancy,54626,standard,3.32,13.1,43,delivered,yes
NAN-20261006-0162,NANCY,2026-10-06 12:18:00,DN08,Vandœuvre-lès-Nancy,54101,standard,3.61,27.7,79,returned,no
NAN-20261006-0163,NANCY,2026-10-06 12:19:00,DN03,Maxéville,54356,standard,3.0,21.7,83,failed,no
NAN-20261006-0164,NANCY,2026-10-06 12:20:00,DN15,Maxéville,54194,standard,1.01,26.3,58,delivered,yes
NAN-20261006-0165,NANCY,2026-10-06 12:20:00,DN11,Nancy,54478,standard,1.64,14.1,45,delivered,yes
NAN-20261006-0166,NANCY,2026-10-06 12:20:00,DN05,Essey-lès-Nancy,54946,standard,1.53,1.6,15,delivered,yes
NAN-20261006-0167,NANCY,2026-10-06 12:21:00,DN01,Maxéville,54097,standard,1.88,32.4,105,delivered,yes
NAN-20261006-0168,NANCY,2026-10-06 12:21:00,DN01,Laxou,54368,standard,3.66,18.2,46,delivered,yes
NAN-20261006-0169,NANCY,2026-10-06 12:21:00,DN10,Essey-lès-Nancy,54413,standard,1.65,17.5,44,delivered,yes
NAN-20261006-0170,NANCY,2026-10-06 12:23:00,DN02,Essey-lès-Nancy,54233,express,2.73,23.2,67,delivered,no
NAN-20261006-0171,NANCY,2026-10-06 12:25:00,DN17,Maxéville,54313,standard,1.27,2.8,17,delivered,yes
NAN-20261006-0172,NANCY,2026-10-06 12:26:00,DN08,Tomblaine,54983,express,1.5,25.9,72,delivered,no
NAN-20261006-0173,NANCY,2026-10-06 12:27:00,DN01,Maxéville,54074,express,0.33,2.0,16,delivered,yes
NAN-20261006-0174,NANCY,2026-10-06 12:28:00,DN02,Vandœuvre-lès-Nancy,54634,express,3.18,37.2,120,delivered,no
NAN-20261006-0175,NANCY,2026-10-06 12:28:00,DN02,Tomblaine,54780,express,3.65,30.0,98,delivered,no
NAN-20261006-0176,NANCY,2026-10-06 12:29:00,DN07,Laxou,54283,standard,1.37,6.4,24,delivered,yes
NAN-20261006-0177,NANCY,2026-10-06 12:30:00,DN16,Nancy,54733,standard,3.4,7.9,26,delivered,yes
NAN-20261006-0178,NANCY,2026-10-06 12:31:00,DN08,Vandœuvre-lès-Nancy,54982,standard,1.6,28.5,97,delivered,yes
NAN-20261006-0179,NANCY,2026-10-06 12:31:00,DN09,Tomblaine,54636,standard,2.88,1.8,15,delivered,yes
NAN-20261006-0180,NANCY,2026-10-06 12:31:00,DN02,Nancy,54358,standard,0.39,2.5,11,delivered,yes
NAN-20261006-0181,NANCY,2026-10-06 12:32:00,DN07,Maxéville,54478,express,1.1,31.0,66,delivered,no
NAN-20261006-0182,NANCY,2026-10-06 12:32:00,DN02,Laxou,54223,standard,0.9,4.9,24,delivered,yes
NAN-20261006-0183,NANCY,2026-10-06 12:32:00,DN08,Villers-lès-Nancy,54306,express,0.98,6.9,18,delivered,yes
NAN-20261006-0184,NANCY,2026-10-06 12:32:00,DN16,Vandœuvre-lès-Nancy,54460,express,5.12,12.1,41,delivered,yes
NAN-20261006-0185,NANCY,2026-10-06 12:33:00,DN15,Essey-lès-Nancy,54520,express,2.07,12.8,45,failed,no
NAN-20261006-0186,NANCY,2026-10-06 12:33:00,DN13,Villers-lès-Nancy,54402,standard,1.3,8.9,28,delivered,yes
NAN-20261006-0187,NANCY,2026-10-06 12:33:00,DN09,Laxou,54172,standard,0.85,12.7,41,delivered,yes
NAN-20261006-0188,NANCY,2026-10-06 12:36:00,DN06,Maxéville,54078,express,2.03,16.1,46,delivered,no
NAN-20261006-0189,NANCY,2026-10-06 12:39:00,DN02,Essey-lès-Nancy,54507,standard,0.36,32.4,89,delivered,yes
NAN-20261006-0190,NANCY,2026-10-06 12:40:00,DN12,Vandœuvre-lès-Nancy,54549,standard,2.26,13.0,51,delivered,yes
NAN-20261006-0191,NANCY,2026-10-06 12:41:00,DN14,Vandœuvre-lès-Nancy,54187,standard,0.68,2.7,15,delivered,yes
NAN-20261006-0192,NANCY,2026-10-06 12:43:00,DN04,Nancy,54456,standard,3.86,23.9,68,delivered,yes
NAN-20261006-0193,NANCY,2026-10-06 12:43:00,DN09,Laxou,54061,express,3.81,20.3,48,delivered,no
NAN-20261006-0194,NANCY,2026-10-06 12:44:00,DN11,Maxéville,54476,standard,5.44,25.1,65,delivered,yes
NAN-20261006-0195,NANCY,2026-10-06 12:45:00,DN09,Vandœuvre-lès-Nancy,54837,standard,2.3,36.0,84,delivered,yes
NAN-20261006-0196,NANCY,2026-10-06 12:46:00,DN13,Villers-lès-Nancy,54098,standard,1.42,33.5,103,delivered,yes
NAN-20261006-0197,NANCY,2026-10-06 12:46:00,DN03,Vandœuvre-lès-Nancy,54118,standard,3.36,35.7,109,failed,no
NAN-20261006-0198,NANCY,2026-10-06 12:46:00,DN12,Villers-lès-Nancy,54253,standard,2.64,19.5,67,delivered,yes
NAN-20261006-0199,NANCY,2026-10-06 12:47:00,DN04,Tomblaine,54620,standard,0.85,23.7,84,delivered,yes
NAN-20261006-0200,NANCY,2026-10-06 12:47:00,DN06,Villers-lès-Nancy,54018,standard,0.68,23.6,77,delivered,yes
NAN-20261006-0201,NANCY,2026-10-06 12:47:00,DN04,Essey-lès-Nancy,54652,standard,2.21,2.7,13,delivered,yes
NAN-20261006-0202,NANCY,2026-10-06 12:47:00,DN03,Maxéville,54937,standard,0.86,31.6,69,delivered,yes
NAN-20261006-0203,NANCY,2026-10-06 12:48:00,DN04,Maxéville,54953,standard,2.17,33.3,81,delivered,yes
NAN-20261006-0204,NANCY,2026-10-06 12:49:00,DN03,Laxou,54607,standard,1.37,32.4,74,failed,no
NAN-20261006-0205,NANCY,2026-10-06 12:50:00,DN17,Nancy,54518,express,1.86,31.2,80,delivered,no
NAN-20261006-0206,NANCY,2026-10-06 12:51:00,DN09,Villers-lès-Nancy,54173,standard,0.93,33.6,69,delivered,yes
NAN-20261006-0207,NANCY,2026-10-06 12:51:00,DN02,Tomblaine,54340,express,1.08,8.1,37,delivered,yes
NAN-20261006-0208,NANCY,2026-10-06 12:52:00,DN11,Tomblaine,54908,standard,0.83,6.0,24,returned,no
NAN-20261006-0209,NANCY,2026-10-06 12:54:00,DN01,Villers-lès-Nancy,54478,standard,2.12,37.3,87,delivered,yes
NAN-20261006-0210,NANCY,2026-10-06 12:54:00,DN06,Tomblaine,54991,standard,3.45,13.7,37,delivered,yes
NAN-20261006-0211,NANCY,2026-10-06 12:55:00,DN07,Vandœuvre-lès-Nancy,54639,standard,1.32,23.1,70,delivered,yes
NAN-20261006-0212,NANCY,2026-10-06 12:55:00,DN14,Essey-lès-Nancy,54513,standard,2.34,15.2,48,delivered,yes
NAN-20261006-0213,NANCY,2026-10-06 12:55:00,DN02,Tomblaine,54942,standard,0.66,36.8,113,delivered,yes
NAN-20261006-0214,NANCY,2026-10-06 12:58:00,DN17,Laxou,54888,standard,0.9,4.3,15,delivered,yes
NAN-20261006-0215,NANCY,2026-10-06 12:59:00,DN07,Laxou,54190,express,1.38,22.7,58,delivered,no
NAN-20261006-0216,NANCY,2026-10-06 13:00:00,DN15,Laxou,54970,express,1.28,3.5,22,delivered,yes
NAN-20261006-0217,NANCY,2026-10-06 13:01:00,DN17,Essey-lès-Nancy,54958,standard,2.41,26.5,73,delivered,yes
NAN-20261006-0218,NANCY,2026-10-06 13:02:00,DN10,Laxou,54857,express,1.96,16.7,53,failed,no
NAN-20261006-0219,NANCY,2026-10-06 13:02:00,DN06,Vandœuvre-lès-Nancy,54053,standard,0.91,17.4,49,delivered,yes
NAN-20261006-0220,NANCY,2026-10-06 13:02:00,DN06,Maxéville,54909,express,1.06,37.9,107,delivered,no
NAN-20261006-0221,NANCY,2026-10-06 13:02:00,DN02,Essey-lès-Nancy,54363,standard,4.19,30.4,80,delivered,yes
NAN-20261006-0222,NANCY,2026-10-06 13:04:00,DN08,Nancy,54245,standard,9.59,27.7,97,delivered,yes
NAN-20261006-0223,NANCY,2026-10-06 13:06:00,DN13,Maxéville,54480,standard,0.57,27.6,92,delivered,yes
NAN-20261006-0224,NANCY,2026-10-06 13:08:00,DN03,Essey-lès-Nancy,54592,standard,2.25,34.4,121,delivered,no
NAN-20261006-0225,NANCY,2026-10-06 13:09:00,DN13,Nancy,54986,express,1.16,23.1,48,delivered,no
NAN-20261006-0226,NANCY,2026-10-06 13:10:00,DN15,Laxou,54391,standard,3.28,13.6,50,delivered,yes
NAN-20261006-0227,NANCY,2026-10-06 13:11:00,DN07,Essey-lès-Nancy,54069,express,2.99,9.4,24,delivered,yes
NAN-20261006-0228,NANCY,2026-10-06 13:13:00,DN05,Nancy,54745,standard,0.78,21.4,53,delivered,yes
NAN-20261006-0229,NANCY,2026-10-06 13:14:00,DN04,Maxéville,54266,express,1.58,34.8,81,delivered,no
NAN-20261006-0230,NANCY,2026-10-06 13:15:00,DN14,Nancy,54838,standard,5.52,32.9,84,delivered,yes
NAN-20261006-0231,NANCY,2026-10-06 13:15:00,DN01,Essey-lès-Nancy,54832,express,2.42,6.5,24,failed,no
NAN-20261006-0232,NANCY,2026-10-06 13:16:00,DN15,Villers-lès-Nancy,54911,express,1.11,31.3,109,failed,no
NAN-20261006-0233,NANCY,2026-10-06 13:16:00,DN08,Vandœuvre-lès-Nancy,54462,standard,2.33,16.0,43,delivered,yes
NAN-20261006-0234,NANCY,2026-10-06 13:19:00,DN02,Essey-lès-Nancy,54003,standard,1.96,24.8,61,delivered,yes
NAN-20261006-0235,NANCY,2026-10-06 13:21:00,DN16,Laxou,54739,standard,7.59,8.4,26,delivered,yes
NAN-20261006-0236,NANCY,2026-10-06 13:23:00,DN13,Laxou,54179,standard,2.3,8.7,30,delivered,yes
NAN-20261006-0237,NANCY,2026-10-06 13:25:00,DN15,Tomblaine,54225,standard,1.41,35.0,101,delivered,yes
NAN-20261006-0238,NANCY,2026-10-06 13:27:00,DN03,Laxou,54255,standard,1.02,14.8,44,failed,no
NAN-20261006-0239,NANCY,2026-10-06 13:28:00,DN13,Vandœuvre-lès-Nancy,54082,express,0.94,5.8,21,delivered,yes
NAN-20261006-0240,NANCY,2026-10-06 13:28:00,DN02,Villers-lès-Nancy,54167,standard,1.59,27.3,76,delivered,yes
NAN-20261006-0241,NANCY,2026-10-06 13:29:00,DN12,Maxéville,54391,standard,2.21,21.2,53,delivered,yes
NAN-20261006-0242,NANCY,2026-10-06 13:30:00,DN16,Essey-lès-Nancy,54013,standard,2.43,17.8,40,delivered,yes
NAN-20261006-0243,NANCY,2026-10-06 13:30:00,DN02,Vandœuvre-lès-Nancy,54381,express,2.71,34.8,91,delivered,no
NAN-20261006-0244,NANCY,2026-10-06 13:31:00,DN07,Essey-lès-Nancy,54439,standard,2.35,21.9,76,delivered,yes
NAN-20261006-0245,NANCY,2026-10-06 13:34:00,DN02,Vandœuvre-lès-Nancy,54475,express,2.42,36.8,122,delivered,no
NAN-20261006-0246,NANCY,2026-10-06 13:35:00,DN14,Laxou,54567,express,4.36,33.9,92,returned,no
NAN-20261006-0247,NANCY,2026-10-06 13:37:00,DN15,Nancy,54632,standard,8.53,29.2,90,delivered,yes
NAN-20261006-0248,NANCY,2026-10-06 13:38:00,DN11,Villers-lès-Nancy,54756,express,3.7,19.9,51,delivered,no
NAN-20261006-0249,NANCY,2026-10-06 13:39:00,DN12,Essey-lès-Nancy,54133,standard,1.71,36.1,100,delivered,yes
NAN-20261006-0250,NANCY,2026-10-06 13:39:00,DN05,Laxou,54779,standard,4.67,37.5,106,failed,no
NAN-20261006-0251,NANCY,2026-10-06 13:39:00,DN09,Laxou,54914,standard,0.9,15.2,46,delivered,yes
NAN-20261006-0252,NANCY,2026-10-06 13:41:00,DN12,Essey-lès-Nancy,54189,standard,2.63,7.8,33,delivered,yes
NAN-20261006-0253,NANCY,2026-10-06 13:41:00,DN02,Vandœuvre-lès-Nancy,54822,standard,4.38,34.8,116,delivered,yes
NAN-20261006-0254,NANCY,2026-10-06 13:41:00,DN13,Essey-lès-Nancy,54451,standard,0.99,17.5,49,delivered,yes
NAN-20261006-0255,NANCY,2026-10-06 13:42:00,DN15,Tomblaine,54024,standard,4.34,33.4,85,delivered,yes
NAN-20261006-0256,NANCY,2026-10-06 13:42:00,DN18,Maxéville,54915,standard,2.34,14.6,56,delivered,yes
NAN-20261006-0257,NANCY,2026-10-06 13:43:00,DN03,Essey-lès-Nancy,54835,standard,0.4,8.5,35,delivered,yes
NAN-20261006-0258,NANCY,2026-10-06 13:43:00,DN02,Villers-lès-Nancy,54216,standard,2.45,17.7,49,delivered,yes
NAN-20261006-0259,NANCY,2026-10-06 13:44:00,DN16,Vandœuvre-lès-Nancy,54504,standard,1.16,24.3,89,delivered,yes
NAN-20261006-0260,NANCY,2026-10-06 13:44:00,DN09,Vandœuvre-lès-Nancy,54906,standard,0.51,19.7,73,delivered,yes
NAN-20261006-0261,NANCY,2026-10-06 13:45:00,DN15,Tomblaine,54242,express,3.71,8.4,24,delivered,yes
NAN-20261006-0262,NANCY,2026-10-06 13:48:00,DN07,Maxéville,54005,standard,0.77,28.0,81,delivered,yes
NAN-20261006-0263,NANCY,2026-10-06 13:48:00,DN07,Villers-lès-Nancy,54529,standard,1.07,22.3,49,delivered,yes
NAN-20261006-0264,NANCY,2026-10-06 13:48:00,DN06,Nancy,54599,standard,3.02,27.3,69,returned,no
NAN-20261006-0265,NANCY,2026-10-06 13:52:00,DN12,Essey-lès-Nancy,54770,standard,3.17,28.9,88,delivered,yes
NAN-20261006-0266,NANCY,2026-10-06 13:52:00,DN09,Maxéville,54967,standard,1.16,13.8,38,failed,no
NAN-20261006-0267,NANCY,2026-10-06 13:53:00,DN10,Nancy,54202,standard,1.23,24.3,72,delivered,yes
NAN-20261006-0268,NANCY,2026-10-06 13:53:00,DN09,Maxéville,54500,express,1.49,3.8,13,delivered,yes
NAN-20261006-0269,NANCY,2026-10-06 13:55:00,DN03,Villers-lès-Nancy,54507,standard,2.72,9.5,25,delivered,yes
NAN-20261006-0270,NANCY,2026-10-06 13:55:00,DN05,Nancy,54987,standard,1.2,18.1,48,delivered,yes
NAN-20261006-0271,NANCY,2026-10-06 13:57:00,DN11,Maxéville,54116,standard,5.97,31.1,90,delivered,yes
NAN-20261006-0272,NANCY,2026-10-06 13:57:00,DN15,Essey-lès-Nancy,54523,express,1.11,2.0,16,returned,no
NAN-20261006-0273,NANCY,2026-10-06 13:57:00,DN06,Maxéville,54109,standard,7.02,38.0,75,delivered,yes
NAN-20261006-0274,NANCY,2026-10-06 13:58:00,DN01,Laxou,54766,standard,1.09,2.0,11,returned,no
NAN-20261006-0275,NANCY,2026-10-06 13:59:00,DN15,Nancy,54945,express,4.25,6.0,24,delivered,yes
NAN-20261006-0276,NANCY,2026-10-06 14:00:00,DN15,Laxou,54507,standard,1.34,28.2,61,delivered,yes
NAN-20261006-0277,NANCY,2026-10-06 14:00:00,DN18,Nancy,54410,standard,1.22,25.0,82,delivered,yes
NAN-20261006-0278,NANCY,2026-10-06 14:02:00,DN01,Maxéville,54101,standard,1.49,36.7,122,delivered,no
NAN-20261006-0279,NANCY,2026-10-06 14:02:00,DN16,Villers-lès-Nancy,54229,standard,2.59,33.4,95,delivered,yes
NAN-20261006-0280,NANCY,2026-10-06 14:03:00,DN13,Nancy,54398,express,2.18,7.7,23,delivered,yes
NAN-20261006-0281,NANCY,2026-10-06 14:07:00,DN05,Essey-lès-Nancy,54531,standard,1.1,33.7,107,delivered,yes
NAN-20261006-0282,NANCY,2026-10-06 14:10:00,DN15,Laxou,54408,standard,8.72,6.6,25,delivered,yes
NAN-20261006-0283,NANCY,2026-10-06 14:15:00,DN15,Essey-lès-Nancy,54615,express,1.9,37.6,95,delivered,no
NAN-20261006-0284,NANCY,2026-10-06 14:15:00,DN05,Laxou,54260,standard,1.58,37.2,98,delivered,yes
NAN-20261006-0285,NANCY,2026-10-06 14:16:00,DN16,Laxou,54040,express,3.24,2.2,18,delivered,yes
NAN-20261006-0286,NANCY,2026-10-06 14:18:00,DN03,Tomblaine,54599,standard,0.78,9.0,37,delivered,yes
NAN-20261006-0287,NANCY,2026-10-06 14:19:00,DN08,Tomblaine,54482,standard,0.27,10.6,34,delivered,yes
NAN-20261006-0288,NANCY,2026-10-06 14:20:00,DN07,Maxéville,54826,express,0.97,27.0,75,delivered,no
NAN-20261006-0289,NANCY,2026-10-06 14:21:00,DN03,Villers-lès-Nancy,54482,standard,0.75,12.9,44,delivered,yes
NAN-20261006-0290,NANCY,2026-10-06 14:22:00,DN18,Nancy,54361,express,1.27,24.8,59,delivered,no
NAN-20261006-0291,NANCY,2026-10-06 14:23:00,DN06,Tomblaine,54359,standard,1.29,26.0,79,delivered,yes
NAN-20261006-0292,NANCY,2026-10-06 14:25:00,DN06,Maxéville,54584,express,2.72,29.5,77,delivered,no
NAN-20261006-0293,NANCY,2026-10-06 14:26:00,DN06,Vandœuvre-lès-Nancy,54090,standard,3.75,21.4,68,delivered,yes
NAN-20261006-0294,NANCY,2026-10-06 14:27:00,DN06,Maxéville,54370,standard,2.32,23.2,49,delivered,yes
NAN-20261006-0295,NANCY,2026-10-06 14:28:00,DN13,Villers-lès-Nancy,54834,express,0.83,22.3,73,delivered,no
NAN-20261006-0296,NANCY,2026-10-06 14:32:00,DN08,Essey-lès-Nancy,54800,standard,0.76,26.2,52,delivered,yes
NAN-20261006-0297,NANCY,2026-10-06 14:33:00,DN07,Maxéville,54517,standard,5.03,8.4,29,delivered,yes
NAN-20261006-0298,NANCY,2026-10-06 14:34:00,DN07,Laxou,54191,standard,3.39,20.8,63,delivered,yes
NAN-20261006-0299,NANCY,2026-10-06 14:35:00,DN07,Tomblaine,54846,express,1.07,5.0,21,delivered,yes
NAN-20261006-0300,NANCY,2026-10-06 14:35:00,DN14,Vandœuvre-lès-Nancy,54806,standard,5.87,24.3,77,returned,no
NAN-20261006-0301,NANCY,2026-10-06 14:36:00,DN12,Laxou,54412,standard,0.73,35.4,88,delivered,yes
NAN-20261006-0302,NANCY,2026-10-06 14:38:00,DN02,Laxou,54959,standard,1.67,30.6,71,returned,no
NAN-20261006-0303,NANCY,2026-10-06 14:41:00,DN04,Essey-lès-Nancy,54988,standard,1.49,5.2,19,failed,no
NAN-20261006-0304,NANCY,2026-10-06 14:41:00,DN07,Laxou,54198,express,2.3,3.9,22,delivered,yes
NAN-20261006-0305,NANCY,2026-10-06 14:42:00,DN03,Maxéville,54214,standard,0.77,6.9,23,delivered,yes
NAN-20261006-0306,NANCY,2026-10-06 14:42:00,DN18,Maxéville,54301,express,0.69,25.0,80,delivered,no
NAN-20261006-0307,NANCY,2026-10-06 14:42:00,DN15,Laxou,54785,express,2.1,37.5,96,delivered,no
NAN-20261006-0308,NANCY,2026-10-06 14:42:00,DN05,Villers-lès-Nancy,54664,express,1.08,15.9,44,failed,no
NAN-20261006-0309,NANCY,2026-10-06 14:43:00,DN05,Villers-lès-Nancy,54447,standard,3.14,18.5,46,returned,no
NAN-20261006-0310,NANCY,2026-10-06 14:45:00,DN18,Tomblaine,54529,standard,1.11,6.4,23,delivered,yes
NAN-20261006-0311,NANCY,2026-10-06 14:45:00,DN14,Maxéville,54074,express,0.76,11.1,40,delivered,yes
NAN-20261006-0312,NANCY,2026-10-06 14:47:00,DN09,Laxou,54629,express,1.23,36.7,109,delivered,no
NAN-20261006-0313,NANCY,2026-10-06 14:47:00,DN17,Laxou,54405,express,4.39,20.7,66,delivered,no
NAN-20261006-0314,NANCY,2026-10-06 14:47:00,DN01,Maxéville,54113,standard,2.1,3.5,14,delivered,yes
NAN-20261006-0315,NANCY,2026-10-06 14:48:00,DN17,Maxéville,54731,standard,4.62,2.9,20,delivered,yes
NAN-20261006-0316,NANCY,2026-10-06 14:50:00,DN16,Maxéville,54319,standard,1.36,33.7,116,returned,no
NAN-20261006-0317,NANCY,2026-10-06 14:50:00,DN16,Essey-lès-Nancy,54257,standard,1.21,34.6,91,delivered,yes
NAN-20261006-0318,NANCY,2026-10-06 14:51:00,DN07,Essey-lès-Nancy,54968,standard,1.7,5.0,20,delivered,yes
NAN-20261006-0319,NANCY,2026-10-06 14:51:00,DN07,Maxéville,54817,standard,2.9,4.2,16,delivered,yes
NAN-20261006-0320,NANCY,2026-10-06 14:54:00,DN04,Laxou,54554,express,1.65,33.3,104,delivered,no
NAN-20261006-0321,NANCY,2026-10-06 14:54:00,DN12,Maxéville,54071,standard,4.63,17.7,55,delivered,yes
NAN-20261006-0322,NANCY,2026-10-06 14:54:00,DN10,Essey-lès-Nancy,54102,express,3.99,15.3,56,delivered,no
NAN-20261006-0323,NANCY,2026-10-06 14:56:00,DN11,Tomblaine,54169,standard,1.95,6.8,28,delivered,yes
NAN-20261006-0324,NANCY,2026-10-06 14:57:00,DN09,Nancy,54805,standard,2.22,13.7,54,delivered,yes
NAN-20261006-0325,NANCY,2026-10-06 14:57:00,DN07,Essey-lès-Nancy,54229,standard,2.75,21.4,63,delivered,yes
NAN-20261006-0326,NANCY,2026-10-06 15:02:00,DN04,Nancy,54827,standard,1.11,14.2,32,delivered,yes
NAN-20261006-0327,NANCY,2026-10-06 15:03:00,DN08,Maxéville,54362,standard,1.46,16.1,49,delivered,yes
NAN-20261006-0328,NANCY,2026-10-06 15:03:00,DN12,Vandœuvre-lès-Nancy,54253,express,1.48,36.9,82,delivered,no
NAN-20261006-0329,NANCY,2026-10-06 15:03:00,DN11,Nancy,54573,standard,1.62,23.8,55,failed,no
NAN-20261006-0330,NANCY,2026-10-06 15:04:00,DN08,Nancy,54578,express,1.53,11.1,43,delivered,yes
NAN-20261006-0331,NANCY,2026-10-06 15:07:00,DN10,Maxéville,54909,standard,1.98,16.2,49,delivered,yes
NAN-20261006-0332,NANCY,2026-10-06 15:09:00,DN13,Villers-lès-Nancy,54847,standard,3.87,22.7,59,delivered,yes
NAN-20261006-0333,NANCY,2026-10-06 15:10:00,DN08,Essey-lès-Nancy,54390,standard,0.99,20.6,56,delivered,yes
NAN-20261006-0334,NANCY,2026-10-06 15:13:00,DN01,Vandœuvre-lès-Nancy,54623,standard,3.65,37.6,94,delivered,yes
NAN-20261006-0335,NANCY,2026-10-06 15:14:00,DN12,Maxéville,54647,express,0.61,21.7,61,delivered,no
NAN-20261006-0336,NANCY,2026-10-06 15:15:00,DN06,Essey-lès-Nancy,54634,standard,3.86,6.3,25,delivered,yes
NAN-20261006-0337,NANCY,2026-10-06 15:17:00,DN15,Villers-lès-Nancy,54623,standard,1.2,26.2,65,delivered,yes
NAN-20261006-0338,NANCY,2026-10-06 15:18:00,DN08,Laxou,54320,express,3.9,7.4,21,delivered,yes
NAN-20261006-0339,NANCY,2026-10-06 15:19:00,DN18,Vandœuvre-lès-Nancy,54432,standard,0.64,4.0,21,delivered,yes
NAN-20261006-0340,NANCY,2026-10-06 15:21:00,DN01,Tomblaine,54266,express,1.63,18.8,54,delivered,no
NAN-20261006-0341,NANCY,2026-10-06 15:23:00,DN16,Tomblaine,54557,standard,3.51,1.4,14,delivered,yes
NAN-20261006-0342,NANCY,2026-10-06 15:26:00,DN05,Tomblaine,54070,standard,6.42,18.7,60,delivered,yes
NAN-20261006-0343,NANCY,2026-10-06 15:29:00,DN01,Essey-lès-Nancy,54543,standard,3.9,34.2,89,delivered,yes
NAN-20261006-0344,NANCY,2026-10-06 15:34:00,DN09,Essey-lès-Nancy,54633,standard,1.19,27.7,92,delivered,yes
NAN-20261006-0345,NANCY,2026-10-06 15:37:00,DN07,Vandœuvre-lès-Nancy,54003,express,2.47,34.0,107,delivered,no
NAN-20261006-0346,NANCY,2026-10-06 15:37:00,DN08,Nancy,54093,standard,1.0,28.7,92,delivered,yes
NAN-20261006-0347,NANCY,2026-10-06 15:39:00,DN08,Tomblaine,54970,express,2.67,24.6,79,delivered,no
NAN-20261006-0348,NANCY,2026-10-06 15:39:00,DN13,Tomblaine,54666,standard,1.99,16.3,51,delivered,yes
NAN-20261006-0349,NANCY,2026-10-06 15:40:00,DN03,Villers-lès-Nancy,54377,express,2.42,19.9,50,delivered,no
NAN-20261006-0350,NANCY,2026-10-06 15:43:00,DN02,Laxou,54062,express,7.42,1.8,8,delivered,yes
NAN-20261006-0351,NANCY,2026-10-06 15:46:00,DN05,Nancy,54673,standard,0.75,31.4,71,delivered,yes
NAN-20261006-0352,NANCY,2026-10-06 15:54:00,DN13,Tomblaine,54926,standard,1.5,13.5,40,delivered,yes
NAN-20261006-0353,NANCY,2026-10-06 15:55:00,DN12,Nancy,54479,standard,0.57,9.0,35,delivered,yes
NAN-20261006-0354,NANCY,2026-10-06 15:56:00,DN13,Nancy,54510,standard,1.89,22.1,61,failed,no
NAN-20261006-0355,NANCY,2026-10-06 15:59:00,DN17,Vandœuvre-lès-Nancy,54848,standard,1.82,6.4,23,delivered,yes
NAN-20261006-0356,NANCY,2026-10-06 16:00:00,DN03,Nancy,54239,express,7.11,27.3,81,delivered,no
NAN-20261006-0357,NANCY,2026-10-06 16:01:00,DN13,Maxéville,54077,standard,5.1,3.3,20,delivered,yes
NAN-20261006-0358,NANCY,2026-10-06 16:02:00,DN11,Maxéville,54912,standard,1.62,9.3,35,delivered,yes
NAN-20261006-0359,NANCY,2026-10-06 16:02:00,DN02,Essey-lès-Nancy,54945,standard,0.74,35.1,79,delivered,yes
NAN-20261006-0360,NANCY,2026-10-06 16:04:00,DN05,Villers-lès-Nancy,54912,standard,0.73,29.8,100,delivered,yes
NAN-20261006-0361,NANCY,2026-10-06 16:06:00,DN05,Laxou,54478,standard,0.96,35.1,125,delivered,no
NAN-20261006-0362,NANCY,2026-10-06 16:13:00,DN14,Nancy,54178,express,1.34,11.4,30,delivered,yes
NAN-20261006-0363,NANCY,2026-10-06 16:17:00,DN07,Villers-lès-Nancy,54514,standard,1.9,7.7,33,delivered,yes
NAN-20261006-0364,NANCY,2026-10-06 16:17:00,DN03,Laxou,54264,standard,1.62,4.1,17,delivered,yes
NAN-20261006-0365,NANCY,2026-10-06 16:20:00,DN11,Vandœuvre-lès-Nancy,54947,standard,1.31,20.8,49,delivered,yes
NAN-20261006-0366,NANCY,2026-10-06 16:22:00,DN02,Vandœuvre-lès-Nancy,54208,express,1.48,26.0,81,delivered,no
NAN-20261006-0367,NANCY,2026-10-06 16:22:00,DN06,Villers-lès-Nancy,54414,standard,2.8,10.1,30,delivered,yes
NAN-20261006-0368,NANCY,2026-10-06 16:23:00,DN09,Villers-lès-Nancy,54738,standard,4.19,5.8,24,failed,no
NAN-20261006-0369,NANCY,2026-10-06 16:23:00,DN16,Tomblaine,54511,standard,2.85,33.6,93,delivered,yes
NAN-20261006-0370,NANCY,2026-10-06 16:29:00,DN01,Laxou,54381,express,3.14,10.6,30,delivered,yes
NAN-20261006-0371,NANCY,2026-10-06 16:29:00,DN06,Vandœuvre-lès-Nancy,54779,standard,0.97,3.6,13,delivered,yes
NAN-20261006-0372,NANCY,2026-10-06 16:29:00,DN12,Laxou,54589,standard,0.72,1.3,15,delivered,yes
NAN-20261006-0373,NANCY,2026-10-06 16:34:00,DN11,Tomblaine,54969,standard,1.58,8.5,30,failed,no
NAN-20261006-0374,NANCY,2026-10-06 16:35:00,DN17,Laxou,54239,standard,3.68,35.2,82,failed,no
NAN-20261006-0375,NANCY,2026-10-06 16:38:00,DN04,Laxou,54694,standard,1.61,14.6,39,failed,no
NAN-20261006-0376,NANCY,2026-10-06 16:45:00,DN14,Laxou,54963,standard,2.21,8.7,29,delivered,yes
NAN-20261006-0377,NANCY,2026-10-06 16:54:00,DN02,Laxou,54146,standard,3.5,6.2,27,delivered,yes
NAN-20261006-0378,NANCY,2026-10-06 16:57:00,DN15,Laxou,54795,express,1.8,3.2,14,delivered,yes
NAN-20261006-0379,NANCY,2026-10-06 16:58:00,DN16,Tomblaine,54501,express,5.4,33.8,74,delivered,no
NAN-20261006-0380,NANCY,2026-10-06 16:58:00,DN03,Villers-lès-Nancy,54101,standard,1.45,22.8,63,delivered,yes
NAN-20261006-0381,NANCY,2026-10-06 17:00:00,DN11,Nancy,54911,standard,1.24,36.6,80,delivered,yes
NAN-20261006-0382,NANCY,2026-10-06 17:03:00,DN09,Tomblaine,54459,express,0.39,16.8,42,delivered,yes
NAN-20261006-0383,NANCY,2026-10-06 17:10:00,DN10,Vandœuvre-lès-Nancy,54205,standard,1.63,15.7,46,delivered,yes
NAN-20261006-0384,NANCY,2026-10-06 17:10:00,DN08,Maxéville,54161,standard,0.65,13.1,38,delivered,yes
NAN-20261006-0385,NANCY,2026-10-06 17:12:00,DN14,Essey-lès-Nancy,54461,standard,0.79,29.9,90,delivered,yes
NAN-20261006-0386,NANCY,2026-10-06 17:14:00,DN16,Villers-lès-Nancy,54489,standard,2.3,12.6,41,delivered,yes
NAN-20261006-0387,NANCY,2026-10-06 17:16:00,DN10,Essey-lès-Nancy,54588,standard,1.2,37.2,103,delivered,yes
NAN-20261006-0388,NANCY,2026-10-06 17:16:00,DN10,Tomblaine,54905,standard,3.35,7.0,31,returned,no
NAN-20261006-0389,NANCY,2026-10-06 17:19:00,DN11,Essey-lès-Nancy,54804,standard,7.14,29.4,82,delivered,yes
NAN-20261006-0390,NANCY,2026-10-06 17:36:00,DN09,Nancy,54115,standard,2.38,13.3,42,delivered,yes
NAN-20261006-0391,NANCY,2026-10-06 17:59:00,DN14,Vandœuvre-lès-Nancy,54106,standard,1.43,11.1,40,delivered,yes
